" ","  "
"שם לקוח","כתובת"
" "," "
"ארז וסרמן","52 גולדה מאיר חיפה"
" ","  "
"קוד מונה","מספר מונה"
" "," "," "
"       503","  24747302",
"______________________","___________________________","_____________"
" ","  ","  "
"תאריך","מועד תחילת הפעימה","צריכה בקוט""ש"
" "," "," "

"23/05/2025","00:00",.249
"23/05/2025","00:15",.576
"23/05/2025","00:30",1.758
"23/05/2025","00:45",.241
"23/05/2025","01:00",.112
"23/05/2025","01:15",.21
"23/05/2025","01:30",.112
"23/05/2025","01:45",.151
"23/05/2025","02:00",.08
"23/05/2025","02:15",.132
"23/05/2025","02:30",.096
"23/05/2025","02:45",.086
"23/05/2025","03:00",.149
"23/05/2025","03:15",.096
"23/05/2025","03:30",.08
"23/05/2025","03:45",.106
"23/05/2025","04:00",.126
"23/05/2025","04:15",.087
"23/05/2025","04:30",.064
"23/05/2025","04:45",.085
"23/05/2025","05:00",.087
"23/05/2025","05:15",.078
"23/05/2025","05:30",.137
"23/05/2025","05:45",.071
"23/05/2025","06:00",.075
"23/05/2025","06:15",.079
"23/05/2025","06:30",.078
"23/05/2025","06:45",.102
"23/05/2025","07:00",.177
"23/05/2025","07:15",.146
"23/05/2025","07:30",.35
"23/05/2025","07:45",1.803
"23/05/2025","08:00",.18
"23/05/2025","08:15",.11
"23/05/2025","08:30",.257
"23/05/2025","08:45",.5
"23/05/2025","09:00",.193
"23/05/2025","09:15",.085
"23/05/2025","09:30",.097
"23/05/2025","09:45",.084
"23/05/2025","10:00",.1
"23/05/2025","10:15",.239
"23/05/2025","10:30",.117
"23/05/2025","10:45",.127
"23/05/2025","11:00",.133
"23/05/2025","11:15",.124
"23/05/2025","11:30",.164
"23/05/2025","11:45",.509
"23/05/2025","12:00",.152
"23/05/2025","12:15",.141
"23/05/2025","12:30",.102
"23/05/2025","12:45",.094
"23/05/2025","13:00",.123
"23/05/2025","13:15",.095
"23/05/2025","13:30",.155
"23/05/2025","13:45",.131
"23/05/2025","14:00",.226
"23/05/2025","14:15",.459
"23/05/2025","14:30",.931
"23/05/2025","14:45",.816
"23/05/2025","15:00",.32
"23/05/2025","15:15",.2
"23/05/2025","15:30",.2
"23/05/2025","15:45",.147
"23/05/2025","16:00",.166
"23/05/2025","16:15",.145
"23/05/2025","16:30",.144
"23/05/2025","16:45",.129
"23/05/2025","17:00",.135
"23/05/2025","17:15",.154
"23/05/2025","17:30",.141
"23/05/2025","17:45",.153
"23/05/2025","18:00",.209
"23/05/2025","18:15",.184
"23/05/2025","18:30",.217
"23/05/2025","18:45",.202
"23/05/2025","19:00",.404
"23/05/2025","19:15",.563
"23/05/2025","19:30",.247
"23/05/2025","19:45",.241
"23/05/2025","20:00",.373
"23/05/2025","20:15",.46
"23/05/2025","20:30",.919
"23/05/2025","20:45",.746
"23/05/2025","21:00",.281
"23/05/2025","21:15",.268
"23/05/2025","21:30",.273
"23/05/2025","21:45",.548
"23/05/2025","22:00",.204
"23/05/2025","22:15",.251
"23/05/2025","22:30",.187
"23/05/2025","22:45",.192
"23/05/2025","23:00",1.29
"23/05/2025","23:15",.285
"23/05/2025","23:30",1.01
"23/05/2025","23:45",1.035
"24/05/2025","00:00",.192
"24/05/2025","00:15",.129
"24/05/2025","00:30",.129
"24/05/2025","00:45",.17
"24/05/2025","01:00",.119
"24/05/2025","01:15",.137
"24/05/2025","01:30",.124
"24/05/2025","01:45",.131
"24/05/2025","02:00",.123
"24/05/2025","02:15",.136
"24/05/2025","02:30",.127
"24/05/2025","02:45",.113
"24/05/2025","03:00",.13
"24/05/2025","03:15",.128
"24/05/2025","03:30",.116
"24/05/2025","03:45",.129
"24/05/2025","04:00",.117
"24/05/2025","04:15",.128
"24/05/2025","04:30",.184
"24/05/2025","04:45",.581
"24/05/2025","05:00",.325
"24/05/2025","05:15",.334
"24/05/2025","05:30",.217
"24/05/2025","05:45",.172
"24/05/2025","06:00",.16
"24/05/2025","06:15",.124
"24/05/2025","06:30",.163
"24/05/2025","06:45",.126
"24/05/2025","07:00",.173
"24/05/2025","07:15",.125
"24/05/2025","07:30",.183
"24/05/2025","07:45",.118
"24/05/2025","08:00",.185
"24/05/2025","08:15",.117
"24/05/2025","08:30",.174
"24/05/2025","08:45",.123
"24/05/2025","09:00",.208
"24/05/2025","09:15",.146
"24/05/2025","09:30",.125
"24/05/2025","09:45",.176
"24/05/2025","10:00",.133
"24/05/2025","10:15",.157
"24/05/2025","10:30",.142
"24/05/2025","10:45",.422
"24/05/2025","11:00",.598
"24/05/2025","11:15",.638
"24/05/2025","11:30",.746
"24/05/2025","11:45",.671
"24/05/2025","12:00",.416
"24/05/2025","12:15",.49
"24/05/2025","12:30",1.049
"24/05/2025","12:45",.403
"24/05/2025","13:00",.645
"24/05/2025","13:15",.437
"24/05/2025","13:30",.387
"24/05/2025","13:45",.13
"24/05/2025","14:00",.086
"24/05/2025","14:15",.18
"24/05/2025","14:30",.174
"24/05/2025","14:45",.107
"24/05/2025","15:00",.1
"24/05/2025","15:15",.083
"24/05/2025","15:30",.332
"24/05/2025","15:45",.254
"24/05/2025","16:00",.175
"24/05/2025","16:15",.095
"24/05/2025","16:30",.112
"24/05/2025","16:45",.112
"24/05/2025","17:00",.078
"24/05/2025","17:15",.11
"24/05/2025","17:30",.08
"24/05/2025","17:45",.141
"24/05/2025","18:00",.097
"24/05/2025","18:15",.218
"24/05/2025","18:30",.362
"24/05/2025","18:45",.168
"24/05/2025","19:00",.123
"24/05/2025","19:15",.132
"24/05/2025","19:30",.148
"24/05/2025","19:45",.474
"24/05/2025","20:00",.456
"24/05/2025","20:15",.448
"24/05/2025","20:30",.386
"24/05/2025","20:45",.362
"24/05/2025","21:00",.295
"24/05/2025","21:15",.353
"24/05/2025","21:30",.266
"24/05/2025","21:45",.45
"24/05/2025","22:00",.432
"24/05/2025","22:15",1.195
"24/05/2025","22:30",.797
"24/05/2025","22:45",.323
"24/05/2025","23:00",.308
"24/05/2025","23:15",.322
"24/05/2025","23:30",.538
"24/05/2025","23:45",.619
"25/05/2025","00:00",.531
"25/05/2025","00:15",.445
"25/05/2025","00:30",1.494
"25/05/2025","00:45",.334
"25/05/2025","01:00",.29
"25/05/2025","01:15",.281
"25/05/2025","01:30",.269
"25/05/2025","01:45",.269
"25/05/2025","02:00",.269
"25/05/2025","02:15",.238
"25/05/2025","02:30",.304
"25/05/2025","02:45",.194
"25/05/2025","03:00",.257
"25/05/2025","03:15",.213
"25/05/2025","03:30",.234
"25/05/2025","03:45",.209
"25/05/2025","04:00",.222
"25/05/2025","04:15",.253
"25/05/2025","04:30",.187
"25/05/2025","04:45",.169
"25/05/2025","05:00",.235
"25/05/2025","05:15",.199
"25/05/2025","05:30",.341
"25/05/2025","05:45",.488
"25/05/2025","06:00",.17
"25/05/2025","06:15",.143
"25/05/2025","06:30",.208
"25/05/2025","06:45",.153
"25/05/2025","07:00",.317
"25/05/2025","07:15",.462
"25/05/2025","07:30",.212
"25/05/2025","07:45",.594
"25/05/2025","08:00",.172
"25/05/2025","08:15",.102
"25/05/2025","08:30",.139
"25/05/2025","08:45",.112
"25/05/2025","09:00",.112
"25/05/2025","09:15",.132
"25/05/2025","09:30",.152
"25/05/2025","09:45",1.576
"25/05/2025","10:00",.144
"25/05/2025","10:15",.364
"25/05/2025","10:30",.29
"25/05/2025","10:45",.084
"25/05/2025","11:00",.11
"25/05/2025","11:15",.14
"25/05/2025","11:30",.131
"25/05/2025","11:45",.108
"25/05/2025","12:00",.084
"25/05/2025","12:15",.095
"25/05/2025","12:30",.105
"25/05/2025","12:45",.117
"25/05/2025","13:00",.09
"25/05/2025","13:15",.101
"25/05/2025","13:30",.114
"25/05/2025","13:45",.183
"25/05/2025","14:00",.177
"25/05/2025","14:15",.109
"25/05/2025","14:30",.174
"25/05/2025","14:45",.133
"25/05/2025","15:00",.099
"25/05/2025","15:15",.146
"25/05/2025","15:30",.159
"25/05/2025","15:45",.131
"25/05/2025","16:00",.113
"25/05/2025","16:15",.111
"25/05/2025","16:30",.115
"25/05/2025","16:45",.084
"25/05/2025","17:00",.094
"25/05/2025","17:15",.096
"25/05/2025","17:30",.119
"25/05/2025","17:45",.112
"25/05/2025","18:00",.099
"25/05/2025","18:15",.115
"25/05/2025","18:30",.135
"25/05/2025","18:45",.109
"25/05/2025","19:00",.097
"25/05/2025","19:15",.132
"25/05/2025","19:30",.231
"25/05/2025","19:45",.094
"25/05/2025","20:00",.074
"25/05/2025","20:15",.091
"25/05/2025","20:30",.097
"25/05/2025","20:45",.104
"25/05/2025","21:00",.068
"25/05/2025","21:15",.077
"25/05/2025","21:30",.123
"25/05/2025","21:45",.298
"25/05/2025","22:00",.221
"25/05/2025","22:15",.144
"25/05/2025","22:30",.155
"25/05/2025","22:45",.24
"25/05/2025","23:00",.184
"25/05/2025","23:15",.776
"25/05/2025","23:30",.825
"25/05/2025","23:45",.267
"26/05/2025","00:00",.281
"26/05/2025","00:15",.175
"26/05/2025","00:30",.2
"26/05/2025","00:45",.217
"26/05/2025","01:00",.169
"26/05/2025","01:15",.202
"26/05/2025","01:30",.131
"26/05/2025","01:45",.177
"26/05/2025","02:00",.209
"26/05/2025","02:15",.104
"26/05/2025","02:30",.224
"26/05/2025","02:45",.116
"26/05/2025","03:00",.173
"26/05/2025","03:15",.145
"26/05/2025","03:30",.155
"26/05/2025","03:45",.165
"26/05/2025","04:00",.14
"26/05/2025","04:15",.161
"26/05/2025","04:30",.123
"26/05/2025","04:45",.175
"26/05/2025","05:00",.114
"26/05/2025","05:15",.148
"26/05/2025","05:30",.157
"26/05/2025","05:45",.151
"26/05/2025","06:00",.155
"26/05/2025","06:15",.086
"26/05/2025","06:30",.162
"26/05/2025","06:45",.153
"26/05/2025","07:00",.186
"26/05/2025","07:15",.173
"26/05/2025","07:30",.198
"26/05/2025","07:45",.46
"26/05/2025","08:00",.188
"26/05/2025","08:15",.119
"26/05/2025","08:30",.101
"26/05/2025","08:45",.106
"26/05/2025","09:00",.705
"26/05/2025","09:15",.9
"26/05/2025","09:30",.133
"26/05/2025","09:45",.137
"26/05/2025","10:00",.203
"26/05/2025","10:15",.813
"26/05/2025","10:30",.369
"26/05/2025","10:45",.504
"26/05/2025","11:00",.358
"26/05/2025","11:15",.372
"26/05/2025","11:30",.151
"26/05/2025","11:45",.174
"26/05/2025","12:00",.282
"26/05/2025","12:15",.134
"26/05/2025","12:30",.141
"26/05/2025","12:45",.184
"26/05/2025","13:00",.333
"26/05/2025","13:15",.161
"26/05/2025","13:30",.174
"26/05/2025","13:45",.191
"26/05/2025","14:00",.154
"26/05/2025","14:15",.146
"26/05/2025","14:30",.144
"26/05/2025","14:45",.25
"26/05/2025","15:00",.519
"26/05/2025","15:15",.74
"26/05/2025","15:30",.513
"26/05/2025","15:45",.453
"26/05/2025","16:00",.316
"26/05/2025","16:15",.249
"26/05/2025","16:30",.256
"26/05/2025","16:45",.423
"26/05/2025","17:00",.291
"26/05/2025","17:15",.221
"26/05/2025","17:30",.234
"26/05/2025","17:45",.262
"26/05/2025","18:00",.264
"26/05/2025","18:15",.365
"26/05/2025","18:30",.266
"26/05/2025","18:45",.198
"26/05/2025","19:00",.201
"26/05/2025","19:15",.244
"26/05/2025","19:30",.202
"26/05/2025","19:45",.193
"26/05/2025","20:00",.235
"26/05/2025","20:15",.309
"26/05/2025","20:30",.259
"26/05/2025","20:45",.216
"26/05/2025","21:00",.228
"26/05/2025","21:15",.264
"26/05/2025","21:30",.359
"26/05/2025","21:45",.364
"26/05/2025","22:00",.557
"26/05/2025","22:15",.737
"26/05/2025","22:30",.438
"26/05/2025","22:45",.323
"26/05/2025","23:00",.379
"26/05/2025","23:15",.428
"26/05/2025","23:30",.487
"26/05/2025","23:45",.418
"27/05/2025","00:00",.397
"27/05/2025","00:15",.429
"27/05/2025","00:30",1.38
"27/05/2025","00:45",.279
"27/05/2025","01:00",.286
"27/05/2025","01:15",.177
"27/05/2025","01:30",.181
"27/05/2025","01:45",.243
"27/05/2025","02:00",.224
"27/05/2025","02:15",.163
"27/05/2025","02:30",.25
"27/05/2025","02:45",.229
"27/05/2025","03:00",.283
"27/05/2025","03:15",.223
"27/05/2025","03:30",.166
"27/05/2025","03:45",.295
"27/05/2025","04:00",.14
"27/05/2025","04:15",.263
"27/05/2025","04:30",.151
"27/05/2025","04:45",.243
"27/05/2025","05:00",.154
"27/05/2025","05:15",.161
"27/05/2025","05:30",.247
"27/05/2025","05:45",.144
"27/05/2025","06:00",.186
"27/05/2025","06:15",.118
"27/05/2025","06:30",.147
"27/05/2025","06:45",.099
"27/05/2025","07:00",.161
"27/05/2025","07:15",.486
"27/05/2025","07:30",1.466
"27/05/2025","07:45",.216
"27/05/2025","08:00",.095
"27/05/2025","08:15",.083
"27/05/2025","08:30",.105
"27/05/2025","08:45",.09
"27/05/2025","09:00",.119
"27/05/2025","09:15",.214
"27/05/2025","09:30",.598
"27/05/2025","09:45",.385
"27/05/2025","10:00",.124
"27/05/2025","10:15",.138
"27/05/2025","10:30",.174
"27/05/2025","10:45",.317
"27/05/2025","11:00",.192
"27/05/2025","11:15",.134
"27/05/2025","11:30",.128
"27/05/2025","11:45",.316
"27/05/2025","12:00",.165
"27/05/2025","12:15",.299
"27/05/2025","12:30",.407
"27/05/2025","12:45",.32
"27/05/2025","13:00",.605
"27/05/2025","13:15",.488
"27/05/2025","13:30",.402
"27/05/2025","13:45",.377
"27/05/2025","14:00",.534
"27/05/2025","14:15",.465
"27/05/2025","14:30",.217
"27/05/2025","14:45",.249
"27/05/2025","15:00",.26
"27/05/2025","15:15",.234
"27/05/2025","15:30",.213
"27/05/2025","15:45",.179
"27/05/2025","16:00",.2
"27/05/2025","16:15",.417
"27/05/2025","16:30",.33
"27/05/2025","16:45",.139
"27/05/2025","17:00",.151
"27/05/2025","17:15",.163
"27/05/2025","17:30",.116
"27/05/2025","17:45",.144
"27/05/2025","18:00",.196
"27/05/2025","18:15",.35
"27/05/2025","18:30",.18
"27/05/2025","18:45",.14
"27/05/2025","19:00",.136
"27/05/2025","19:15",.127
"27/05/2025","19:30",.127
"27/05/2025","19:45",.117
"27/05/2025","20:00",.137
"27/05/2025","20:15",.134
"27/05/2025","20:30",.118
"27/05/2025","20:45",.293
"27/05/2025","21:00",.645
"27/05/2025","21:15",.411
"27/05/2025","21:30",.483
"27/05/2025","21:45",.801
"27/05/2025","22:00",1.406
"27/05/2025","22:15",.274
"27/05/2025","22:30",.192
"27/05/2025","22:45",.13
"27/05/2025","23:00",.117
"27/05/2025","23:15",.138
"27/05/2025","23:30",.383
"27/05/2025","23:45",1.957
"28/05/2025","00:00",.212
"28/05/2025","00:15",.082
"28/05/2025","00:30",.103
"28/05/2025","00:45",.07
"28/05/2025","01:00",.069
"28/05/2025","01:15",.08
"28/05/2025","01:30",.082
"28/05/2025","01:45",.09
"28/05/2025","02:00",.057
"28/05/2025","02:15",.081
"28/05/2025","02:30",.076
"28/05/2025","02:45",.082
"28/05/2025","03:00",.086
"28/05/2025","03:15",.063
"28/05/2025","03:30",.081
"28/05/2025","03:45",.08
"28/05/2025","04:00",.402
"28/05/2025","04:15",.358
"28/05/2025","04:30",.075
"28/05/2025","04:45",.117
"28/05/2025","05:00",.203
"28/05/2025","05:15",.069
"28/05/2025","05:30",.121
"28/05/2025","05:45",.068
"28/05/2025","06:00",.161
"28/05/2025","06:15",.08
"28/05/2025","06:30",.096
"28/05/2025","06:45",.152
"28/05/2025","07:00",.192
"28/05/2025","07:15",.475
"28/05/2025","07:30",.508
"28/05/2025","07:45",.326
"28/05/2025","08:00",.156
"28/05/2025","08:15",.114
"28/05/2025","08:30",.107
"28/05/2025","08:45",.127
"28/05/2025","09:00",.307
"28/05/2025","09:15",.599
"28/05/2025","09:30",.179
"28/05/2025","09:45",.728
"28/05/2025","10:00",.162
"28/05/2025","10:15",.175
"28/05/2025","10:30",.188
"28/05/2025","10:45",.139
"28/05/2025","11:00",.771
"28/05/2025","11:15",.817
"28/05/2025","11:30",.15
"28/05/2025","11:45",.145
"28/05/2025","12:00",.156
"28/05/2025","12:15",.131
"28/05/2025","12:30",.106
"28/05/2025","12:45",.111
"28/05/2025","13:00",.105
"28/05/2025","13:15",.101
"28/05/2025","13:30",.109
"28/05/2025","13:45",.124
"28/05/2025","14:00",.167
"28/05/2025","14:15",.215
"28/05/2025","14:30",.286
"28/05/2025","14:45",.242
"28/05/2025","15:00",.722
"28/05/2025","15:15",.819
"28/05/2025","15:30",.43
"28/05/2025","15:45",.33
"28/05/2025","16:00",.451
"28/05/2025","16:15",.188
"28/05/2025","16:30",.253
"28/05/2025","16:45",.172
"28/05/2025","17:00",.219
"28/05/2025","17:15",.172
"28/05/2025","17:30",.424
"28/05/2025","17:45",.29
"28/05/2025","18:00",.251
"28/05/2025","18:15",.242
"28/05/2025","18:30",.328
"28/05/2025","18:45",.411
"28/05/2025","19:00",.606
"28/05/2025","19:15",.637
"28/05/2025","19:30",.334
"28/05/2025","19:45",.203
"28/05/2025","20:00",.203
"28/05/2025","20:15",.199
"28/05/2025","20:30",.187
"28/05/2025","20:45",.186
"28/05/2025","21:00",.181
"28/05/2025","21:15",.147
"28/05/2025","21:30",.155
"28/05/2025","21:45",.666
"28/05/2025","22:00",.434
"28/05/2025","22:15",.309
"28/05/2025","22:30",1.052
"28/05/2025","22:45",.195
"28/05/2025","23:00",.239
"28/05/2025","23:15",1.748
"28/05/2025","23:30",.149
"28/05/2025","23:45",.149
"29/05/2025","00:00",.15
"29/05/2025","00:15",.262
"29/05/2025","00:30",.874
"29/05/2025","00:45",1.783
"29/05/2025","01:00",.189
"29/05/2025","01:15",.089
"29/05/2025","01:30",.077
"29/05/2025","01:45",.096
"29/05/2025","02:00",.079
"29/05/2025","02:15",.101
"29/05/2025","02:30",.084
"29/05/2025","02:45",.067
"29/05/2025","03:00",.099
"29/05/2025","03:15",.074
"29/05/2025","03:30",.097
"29/05/2025","03:45",.078
"29/05/2025","04:00",.086
"29/05/2025","04:15",.093
"29/05/2025","04:30",.076
"29/05/2025","04:45",.09
"29/05/2025","05:00",.081
"29/05/2025","05:15",.083
"29/05/2025","05:30",.151
"29/05/2025","05:45",.073
"29/05/2025","06:00",.084
"29/05/2025","06:15",.075
"29/05/2025","06:30",.272
"29/05/2025","06:45",.686
"29/05/2025","07:00",.438
"29/05/2025","07:15",.431
"29/05/2025","07:30",1.449
"29/05/2025","07:45",.48
"29/05/2025","08:00",.554
"29/05/2025","08:15",.614
"29/05/2025","08:30",.195
"29/05/2025","08:45",.133
"29/05/2025","09:00",.298
"29/05/2025","09:15",.105
"29/05/2025","09:30",.096
"29/05/2025","09:45",.12
"29/05/2025","10:00",.095
"29/05/2025","10:15",.088
"29/05/2025","10:30",.1
"29/05/2025","10:45",.095
"29/05/2025","11:00",.114
"29/05/2025","11:15",.165
"29/05/2025","11:30",.318
"29/05/2025","11:45",.236
"29/05/2025","12:00",.244
"29/05/2025","12:15",.17
"29/05/2025","12:30",.157
"29/05/2025","12:45",.17
"29/05/2025","13:00",.185
"29/05/2025","13:15",.164
"29/05/2025","13:30",.237
"29/05/2025","13:45",.139
"29/05/2025","14:00",.175
"29/05/2025","14:15",.333
"29/05/2025","14:30",.386
"29/05/2025","14:45",.359
"29/05/2025","15:00",.198
"29/05/2025","15:15",.206
"29/05/2025","15:30",.524
"29/05/2025","15:45",.425
"29/05/2025","16:00",.168
"29/05/2025","16:15",.168
"29/05/2025","16:30",.306
"29/05/2025","16:45",.182
"29/05/2025","17:00",.163
"29/05/2025","17:15",.164
"29/05/2025","17:30",.173
"29/05/2025","17:45",.163
"29/05/2025","18:00",.17
"29/05/2025","18:15",.251
"29/05/2025","18:30",.162
"29/05/2025","18:45",.14
"29/05/2025","19:00",.137
"29/05/2025","19:15",.122
"29/05/2025","19:30",.126
"29/05/2025","19:45",.244
"29/05/2025","20:00",.3
"29/05/2025","20:15",.278
"29/05/2025","20:30",.352
"29/05/2025","20:45",.383
"29/05/2025","21:00",.507
"29/05/2025","21:15",.571
"29/05/2025","21:30",.659
"29/05/2025","21:45",.537
"29/05/2025","22:00",1.016
"29/05/2025","22:15",.941
"29/05/2025","22:30",.32
"29/05/2025","22:45",.313
"29/05/2025","23:00",.776
"29/05/2025","23:15",1.332
"29/05/2025","23:30",1.558
"29/05/2025","23:45",.647
"30/05/2025","00:00",.146
"30/05/2025","00:15",.117
"30/05/2025","00:30",.107
"30/05/2025","00:45",.1
"30/05/2025","01:00",.104
"30/05/2025","01:15",.098
"30/05/2025","01:30",.103
"30/05/2025","01:45",.094
"30/05/2025","02:00",.099
"30/05/2025","02:15",.105
"30/05/2025","02:30",.11
"30/05/2025","02:45",.104
"30/05/2025","03:00",.081
"30/05/2025","03:15",.084
"30/05/2025","03:30",.075
"30/05/2025","03:45",.095
"30/05/2025","04:00",.088
"30/05/2025","04:15",.078
"30/05/2025","04:30",.08
"30/05/2025","04:45",.073
"30/05/2025","05:00",.258
"30/05/2025","05:15",.284
"30/05/2025","05:30",.136
"30/05/2025","05:45",.094
"30/05/2025","06:00",.114
"30/05/2025","06:15",.088
"30/05/2025","06:30",.073
"30/05/2025","06:45",.077
"30/05/2025","07:00",.068
"30/05/2025","07:15",.084
"30/05/2025","07:30",.212
"30/05/2025","07:45",1.724
"30/05/2025","08:00",.169
"30/05/2025","08:15",.694
"30/05/2025","08:30",.299
"30/05/2025","08:45",.234
"30/05/2025","09:00",.188
"30/05/2025","09:15",.147
"30/05/2025","09:30",.113
"30/05/2025","09:45",.135
"30/05/2025","10:00",.234
"30/05/2025","10:15",.767
"30/05/2025","10:30",.293
"30/05/2025","10:45",.597
"30/05/2025","11:00",.624
"30/05/2025","11:15",.459
"30/05/2025","11:30",.366
"30/05/2025","11:45",.441
"30/05/2025","12:00",.541
"30/05/2025","12:15",.492
"30/05/2025","12:30",.467
"30/05/2025","12:45",.17
"30/05/2025","13:00",.125
"30/05/2025","13:15",.116
"30/05/2025","13:30",.118
"30/05/2025","13:45",.117
"30/05/2025","14:00",.129
"30/05/2025","14:15",.136
"30/05/2025","14:30",.168
"30/05/2025","14:45",.226
"30/05/2025","15:00",.463
"30/05/2025","15:15",.536
"30/05/2025","15:30",.406
"30/05/2025","15:45",.228
"30/05/2025","16:00",.306
"30/05/2025","16:15",.19
"30/05/2025","16:30",.258
"30/05/2025","16:45",.233
"30/05/2025","17:00",.217
"30/05/2025","17:15",.229
"30/05/2025","17:30",.308
"30/05/2025","17:45",.343
"30/05/2025","18:00",.277
"30/05/2025","18:15",.244
"30/05/2025","18:30",.161
"30/05/2025","18:45",.162
"30/05/2025","19:00",.164
"30/05/2025","19:15",.185
"30/05/2025","19:30",.28
"30/05/2025","19:45",.25
"30/05/2025","20:00",.19
"30/05/2025","20:15",.194
"30/05/2025","20:30",.209
"30/05/2025","20:45",.214
"30/05/2025","21:00",.19
"30/05/2025","21:15",.179
"30/05/2025","21:30",.193
"30/05/2025","21:45",.495
"30/05/2025","22:00",.693
"30/05/2025","22:15",.366
"30/05/2025","22:30",.284
"30/05/2025","22:45",.247
"30/05/2025","23:00",.236
"30/05/2025","23:15",.283
"30/05/2025","23:30",.261
"30/05/2025","23:45",.222
"31/05/2025","00:00",.211
"31/05/2025","00:15",.455
"31/05/2025","00:30",1.387
"31/05/2025","00:45",.176
"31/05/2025","01:00",.172
"31/05/2025","01:15",.19
"31/05/2025","01:30",.326
"31/05/2025","01:45",1.666
"31/05/2025","02:00",.137
"31/05/2025","02:15",.136
"31/05/2025","02:30",.087
"31/05/2025","02:45",.135
"31/05/2025","03:00",.086
"31/05/2025","03:15",.142
"31/05/2025","03:30",.071
"31/05/2025","03:45",.096
"31/05/2025","04:00",.121
"31/05/2025","04:15",.096
"31/05/2025","04:30",.069
"31/05/2025","04:45",.148
"31/05/2025","05:00",.087
"31/05/2025","05:15",.09
"31/05/2025","05:30",.129
"31/05/2025","05:45",.13
"31/05/2025","06:00",.082
"31/05/2025","06:15",.077
"31/05/2025","06:30",.087
"31/05/2025","06:45",.127
"31/05/2025","07:00",.092
"31/05/2025","07:15",.087
"31/05/2025","07:30",.069
"31/05/2025","07:45",.097
"31/05/2025","08:00",.136
"31/05/2025","08:15",.08
"31/05/2025","08:30",.092
"31/05/2025","08:45",.07
"31/05/2025","09:00",.134
"31/05/2025","09:15",.137
"31/05/2025","09:30",.132
"31/05/2025","09:45",.213
"31/05/2025","10:00",.29
"31/05/2025","10:15",.324
"31/05/2025","10:30",.641
"31/05/2025","10:45",.199
"31/05/2025","11:00",.14
"31/05/2025","11:15",.207
"31/05/2025","11:30",.466
"31/05/2025","11:45",.418
"31/05/2025","12:00",.394
"31/05/2025","12:15",.331
"31/05/2025","12:30",.485
"31/05/2025","12:45",.534
"31/05/2025","13:00",.381
"31/05/2025","13:15",.318
"31/05/2025","13:30",.399
"31/05/2025","13:45",.265
"31/05/2025","14:00",.225
"31/05/2025","14:15",.319
"31/05/2025","14:30",.326
"31/05/2025","14:45",.468
"31/05/2025","15:00",.547
"31/05/2025","15:15",.579
"31/05/2025","15:30",.524
"31/05/2025","15:45",.451
"31/05/2025","16:00",.372
"31/05/2025","16:15",.18
"31/05/2025","16:30",.281
"31/05/2025","16:45",.232
"31/05/2025","17:00",.268
"31/05/2025","17:15",.27
"31/05/2025","17:30",.324
"31/05/2025","17:45",.258
"31/05/2025","18:00",.297
"31/05/2025","18:15",.24
"31/05/2025","18:30",.302
"31/05/2025","18:45",.212
"31/05/2025","19:00",.127
"31/05/2025","19:15",.208
"31/05/2025","19:30",.151
"31/05/2025","19:45",.296
"31/05/2025","20:00",.165
"31/05/2025","20:15",.232
"31/05/2025","20:30",.175
"31/05/2025","20:45",.185
"31/05/2025","21:00",.112
"31/05/2025","21:15",.126
"31/05/2025","21:30",.119
"31/05/2025","21:45",.136
"31/05/2025","22:00",.108
"31/05/2025","22:15",.108
"31/05/2025","22:30",.132
"31/05/2025","22:45",.126
"31/05/2025","23:00",.264
"31/05/2025","23:15",.413
"31/05/2025","23:30",.252
"31/05/2025","23:45",.19
"01/06/2025","00:00",.329
"01/06/2025","00:15",.938
"01/06/2025","00:30",.183
"01/06/2025","00:45",.383
"01/06/2025","01:00",1.379
"01/06/2025","01:15",.129
"01/06/2025","01:30",.138
"01/06/2025","01:45",.179
"01/06/2025","02:00",.188
"01/06/2025","02:15",.142
"01/06/2025","02:30",.144
"01/06/2025","02:45",.182
"01/06/2025","03:00",.115
"01/06/2025","03:15",.178
"01/06/2025","03:30",.111
"01/06/2025","03:45",.155
"01/06/2025","04:00",.109
"01/06/2025","04:15",.097
"01/06/2025","04:30",.163
"01/06/2025","04:45",.102
"01/06/2025","05:00",.15
"01/06/2025","05:15",.093
"01/06/2025","05:30",.133
"01/06/2025","05:45",.114
"01/06/2025","06:00",.117
"01/06/2025","06:15",.077
"01/06/2025","06:30",.083
"01/06/2025","06:45",.097
"01/06/2025","07:00",.148
"01/06/2025","07:15",.068
"01/06/2025","07:30",.084
"01/06/2025","07:45",.118
"01/06/2025","08:00",.108
"01/06/2025","08:15",.118
"01/06/2025","08:30",.334
"01/06/2025","08:45",.331
"01/06/2025","09:00",1.452
"01/06/2025","09:15",.184
"01/06/2025","09:30",.424
"01/06/2025","09:45",.821
"01/06/2025","10:00",.425
"01/06/2025","10:15",.199
"01/06/2025","10:30",.153
"01/06/2025","10:45",.192
"01/06/2025","11:00",.216
"01/06/2025","11:15",.247
"01/06/2025","11:30",.142
"01/06/2025","11:45",.153
"01/06/2025","12:00",.2
"01/06/2025","12:15",.177
"01/06/2025","12:30",.198
"01/06/2025","12:45",.25
"01/06/2025","13:00",.548
"01/06/2025","13:15",.205
"01/06/2025","13:30",.447
"01/06/2025","13:45",.538
"01/06/2025","14:00",.413
"01/06/2025","14:15",.507
"01/06/2025","14:30",.687
"01/06/2025","14:45",.353
"01/06/2025","15:00",.334
"01/06/2025","15:15",.236
"01/06/2025","15:30",.563
"01/06/2025","15:45",.579
"01/06/2025","16:00",.504
"01/06/2025","16:15",.46
"01/06/2025","16:30",.743
"01/06/2025","16:45",.825
"01/06/2025","17:00",.527
"01/06/2025","17:15",.492
"01/06/2025","17:30",.314
"01/06/2025","17:45",.247
"01/06/2025","18:00",.248
"01/06/2025","18:15",.243
"01/06/2025","18:30",.245
"01/06/2025","18:45",.207
"01/06/2025","19:00",.774
"01/06/2025","19:15",.835
"01/06/2025","19:30",.899
"01/06/2025","19:45",.314
"01/06/2025","20:00",.239
"01/06/2025","20:15",.291
"01/06/2025","20:30",.246
"01/06/2025","20:45",.213
"01/06/2025","21:00",.226
"01/06/2025","21:15",.189
"01/06/2025","21:30",.18
"01/06/2025","21:45",1.23
"01/06/2025","22:00",.208
"01/06/2025","22:15",.224
"01/06/2025","22:30",1.272
"01/06/2025","22:45",.157
"01/06/2025","23:00",.138
"01/06/2025","23:15",.38
"01/06/2025","23:30",.262
"01/06/2025","23:45",1.53
"02/06/2025","00:00",.12
"02/06/2025","00:15",.097
"02/06/2025","00:30",.091
"02/06/2025","00:45",.113
"02/06/2025","01:00",.068
"02/06/2025","01:15",.081
"02/06/2025","01:30",.081
"02/06/2025","01:45",.175
"02/06/2025","02:00",.16
"02/06/2025","02:15",.11
"02/06/2025","02:30",.185
"02/06/2025","02:45",.117
"02/06/2025","03:00",.15
"02/06/2025","03:15",.105
"02/06/2025","03:30",.145
"02/06/2025","03:45",.106
"02/06/2025","04:00",.137
"02/06/2025","04:15",.13
"02/06/2025","04:30",.104
"02/06/2025","04:45",.124
"02/06/2025","05:00",.098
"02/06/2025","05:15",.078
"02/06/2025","05:30",.126
"02/06/2025","05:45",.139
"02/06/2025","06:00",.177
"02/06/2025","06:15",.497
"02/06/2025","06:30",.137
"02/06/2025","06:45",.137
"02/06/2025","07:00",.092
"02/06/2025","07:15",.062
"02/06/2025","07:30",.089
"02/06/2025","07:45",.128
"02/06/2025","08:00",.079
"02/06/2025","08:15",.081
"02/06/2025","08:30",.062
"02/06/2025","08:45",.093
"02/06/2025","09:00",.13
"02/06/2025","09:15",.095
"02/06/2025","09:30",.101
"02/06/2025","09:45",.077
"02/06/2025","10:00",.09
"02/06/2025","10:15",.064
"02/06/2025","10:30",.479
"02/06/2025","10:45",.299
"02/06/2025","11:00",.619
"02/06/2025","11:15",.522
"02/06/2025","11:30",.519
"02/06/2025","11:45",.41
"02/06/2025","12:00",.261
"02/06/2025","12:15",.108
"02/06/2025","12:30",.184
"02/06/2025","12:45",.479
"02/06/2025","13:00",.201
"02/06/2025","13:15",.158
"02/06/2025","13:30",.116
"02/06/2025","13:45",.147
"02/06/2025","14:00",.167
"02/06/2025","14:15",.127
"02/06/2025","14:30",.118
"02/06/2025","14:45",.107
"02/06/2025","15:00",.136
"02/06/2025","15:15",.125
"02/06/2025","15:30",.128
"02/06/2025","15:45",.137
"02/06/2025","16:00",.146
"02/06/2025","16:15",.784
"02/06/2025","16:30",.633
"02/06/2025","16:45",.438
"02/06/2025","17:00",.288
"02/06/2025","17:15",.223
"02/06/2025","17:30",.23
"02/06/2025","17:45",.187
"02/06/2025","18:00",.209
"02/06/2025","18:15",.224
"02/06/2025","18:30",.179
"02/06/2025","18:45",.167
"02/06/2025","19:00",.163
"02/06/2025","19:15",.176
"02/06/2025","19:30",.16
"02/06/2025","19:45",.177
"02/06/2025","20:00",.181
"02/06/2025","20:15",.149
"02/06/2025","20:30",.204
"02/06/2025","20:45",.177
"02/06/2025","21:00",.551
"02/06/2025","21:15",.344
"02/06/2025","21:30",.203
"02/06/2025","21:45",.505
"02/06/2025","22:00",.354
"02/06/2025","22:15",.571
"02/06/2025","22:30",.916
"02/06/2025","22:45",.152
"02/06/2025","23:00",.181
"02/06/2025","23:15",.238
"02/06/2025","23:30",.204
"02/06/2025","23:45",.134
"03/06/2025","00:00",.131
"03/06/2025","00:15",.146
"03/06/2025","00:30",.31
"03/06/2025","00:45",.126
"03/06/2025","01:00",.059
"03/06/2025","01:15",.076
"03/06/2025","01:30",.075
"03/06/2025","01:45",.069
"03/06/2025","02:00",.082
"03/06/2025","02:15",.079
"03/06/2025","02:30",.095
"03/06/2025","02:45",.083
"03/06/2025","03:00",.062
"03/06/2025","03:15",.079
"03/06/2025","03:30",.067
"03/06/2025","03:45",.067
"03/06/2025","04:00",.073
"03/06/2025","04:15",.079
"03/06/2025","04:30",.112
"03/06/2025","04:45",.071
"03/06/2025","05:00",.072
"03/06/2025","05:15",.066
"03/06/2025","05:30",.118
"03/06/2025","05:45",.073
"03/06/2025","06:00",.08
"03/06/2025","06:15",.079
"03/06/2025","06:30",.155
"03/06/2025","06:45",.275
"03/06/2025","07:00",.226
"03/06/2025","07:15",.434
"03/06/2025","07:30",.457
"03/06/2025","07:45",.498
"03/06/2025","08:00",.168
"03/06/2025","08:15",.142
"03/06/2025","08:30",.088
"03/06/2025","08:45",.13
"03/06/2025","09:00",.153
"03/06/2025","09:15",.132
"03/06/2025","09:30",.148
"03/06/2025","09:45",.167
"03/06/2025","10:00",.446
"03/06/2025","10:15",.388
"03/06/2025","10:30",.594
"03/06/2025","10:45",.306
"03/06/2025","11:00",.341
"03/06/2025","11:15",.145
"03/06/2025","11:30",.14
"03/06/2025","11:45",.643
"03/06/2025","12:00",.434
"03/06/2025","12:15",.229
"03/06/2025","12:30",.299
"03/06/2025","12:45",.256
"03/06/2025","13:00",.202
"03/06/2025","13:15",.378
"03/06/2025","13:30",.14
"03/06/2025","13:45",.166
"03/06/2025","14:00",.173
"03/06/2025","14:15",.142
"03/06/2025","14:30",.216
"03/06/2025","14:45",.379
"03/06/2025","15:00",.188
"03/06/2025","15:15",.148
"03/06/2025","15:30",.29
"03/06/2025","15:45",.481
"03/06/2025","16:00",.529
"03/06/2025","16:15",.35
"03/06/2025","16:30",.261
"03/06/2025","16:45",.191
"03/06/2025","17:00",.195
"03/06/2025","17:15",.169
"03/06/2025","17:30",.199
"03/06/2025","17:45",.154
"03/06/2025","18:00",.263
"03/06/2025","18:15",.164
"03/06/2025","18:30",.103
"03/06/2025","18:45",.098
"03/06/2025","19:00",.073
"03/06/2025","19:15",.09
"03/06/2025","19:30",.083
"03/06/2025","19:45",.071
"03/06/2025","20:00",.086
"03/06/2025","20:15",.079
"03/06/2025","20:30",.091
"03/06/2025","20:45",.106
"03/06/2025","21:00",.078
"03/06/2025","21:15",.081
"03/06/2025","21:30",.071
"03/06/2025","21:45",.092
"03/06/2025","22:00",.069
"03/06/2025","22:15",.079
"03/06/2025","22:30",.102
"03/06/2025","22:45",.095
"03/06/2025","23:00",.09
"03/06/2025","23:15",.674
"03/06/2025","23:30",.41
"03/06/2025","23:45",.311
"04/06/2025","00:00",1.014
"04/06/2025","00:15",1.928
"04/06/2025","00:30",.086
"04/06/2025","00:45",.08
"04/06/2025","01:00",.106
"04/06/2025","01:15",.057
"04/06/2025","01:30",.082
"04/06/2025","01:45",.06
"04/06/2025","02:00",.077
"04/06/2025","02:15",.092
"04/06/2025","02:30",.07
"04/06/2025","02:45",.096
"04/06/2025","03:00",.056
"04/06/2025","03:15",.073
"04/06/2025","03:30",.077
"04/06/2025","03:45",.063
"04/06/2025","04:00",.085
"04/06/2025","04:15",.071
"04/06/2025","04:30",.104
"04/06/2025","04:45",.077
"04/06/2025","05:00",.061
"04/06/2025","05:15",.077
"04/06/2025","05:30",.112
"04/06/2025","05:45",.079
"04/06/2025","06:00",.063
"04/06/2025","06:15",.162
"04/06/2025","06:30",.107
"04/06/2025","06:45",.215
"04/06/2025","07:00",.19
"04/06/2025","07:15",.613
"04/06/2025","07:30",.155
"04/06/2025","07:45",.175
"04/06/2025","08:00",.153
"04/06/2025","08:15",.153
"04/06/2025","08:30",.192
"04/06/2025","08:45",.366
"04/06/2025","09:00",.828
"04/06/2025","09:15",.778
"04/06/2025","09:30",.241
"04/06/2025","09:45",.249
"04/06/2025","10:00",.211
"04/06/2025","10:15",.191
"04/06/2025","10:30",.483
"04/06/2025","10:45",.325
"04/06/2025","11:00",.185
"04/06/2025","11:15",.18
"04/06/2025","11:30",.199
"04/06/2025","11:45",.204
"04/06/2025","12:00",.166
"04/06/2025","12:15",.147
"04/06/2025","12:30",.18
"04/06/2025","12:45",.503
"04/06/2025","13:00",.254
"04/06/2025","13:15",.496
"04/06/2025","13:30",.648
"04/06/2025","13:45",.333
"04/06/2025","14:00",.184
"04/06/2025","14:15",.17
"04/06/2025","14:30",.249
"04/06/2025","14:45",.269
"04/06/2025","15:00",.579
"04/06/2025","15:15",.426
"04/06/2025","15:30",.213
"04/06/2025","15:45",.266
"04/06/2025","16:00",.195
"04/06/2025","16:15",.187
"04/06/2025","16:30",.285
"04/06/2025","16:45",.209
"04/06/2025","17:00",.313
"04/06/2025","17:15",.299
"04/06/2025","17:30",.254
"04/06/2025","17:45",.259
"04/06/2025","18:00",.258
"04/06/2025","18:15",.114
"04/06/2025","18:30",.129
"04/06/2025","18:45",.088
"04/06/2025","19:00",.115
"04/06/2025","19:15",.102
"04/06/2025","19:30",.131
"04/06/2025","19:45",.097
"04/06/2025","20:00",.094
"04/06/2025","20:15",.254
"04/06/2025","20:30",.619
"04/06/2025","20:45",.438
"04/06/2025","21:00",.367
"04/06/2025","21:15",.314
"04/06/2025","21:30",.273
"04/06/2025","21:45",.536
"04/06/2025","22:00",.556
"04/06/2025","22:15",.285
"04/06/2025","22:30",.882
"04/06/2025","22:45",.575
"04/06/2025","23:00",.218
"04/06/2025","23:15",.173
"04/06/2025","23:30",.151
"04/06/2025","23:45",.157
"05/06/2025","00:00",.265
"05/06/2025","00:15",.502
"05/06/2025","00:30",1.521
"05/06/2025","00:45",.115
"05/06/2025","01:00",.209
"05/06/2025","01:15",.103
"05/06/2025","01:30",.179
"05/06/2025","01:45",.126
"05/06/2025","02:00",.079
"05/06/2025","02:15",.217
"05/06/2025","02:30",.083
"05/06/2025","02:45",.132
"05/06/2025","03:00",.178
"05/06/2025","03:15",.094
"05/06/2025","03:30",.11
"05/06/2025","03:45",.173
"05/06/2025","04:00",.108
"05/06/2025","04:15",.135
"05/06/2025","04:30",.154
"05/06/2025","04:45",.193
"05/06/2025","05:00",.108
"05/06/2025","05:15",.099
"05/06/2025","05:30",.16
"05/06/2025","05:45",.099
"05/06/2025","06:00",.223
"05/06/2025","06:15",.099
"05/06/2025","06:30",.081
"05/06/2025","06:45",.095
"05/06/2025","07:00",.088
"05/06/2025","07:15",.322
"05/06/2025","07:30",.142
"05/06/2025","07:45",.14
"05/06/2025","08:00",.159
"05/06/2025","08:15",.148
"05/06/2025","08:30",.17
"05/06/2025","08:45",.442
"05/06/2025","09:00",1.597
"05/06/2025","09:15",.124
"05/06/2025","09:30",.132
"05/06/2025","09:45",.131
"05/06/2025","10:00",.112
"05/06/2025","10:15",.404
"05/06/2025","10:30",.497
"05/06/2025","10:45",.434
"05/06/2025","11:00",.438
"05/06/2025","11:15",.145
"05/06/2025","11:30",.209
"05/06/2025","11:45",.283
"05/06/2025","12:00",.129
"05/06/2025","12:15",.174
"05/06/2025","12:30",.18
"05/06/2025","12:45",.176
"05/06/2025","13:00",.176
"05/06/2025","13:15",.232
"05/06/2025","13:30",.194
"05/06/2025","13:45",.295
"05/06/2025","14:00",.323
"05/06/2025","14:15",.287
"05/06/2025","14:30",.13
"05/06/2025","14:45",.153
"05/06/2025","15:00",.22
"05/06/2025","15:15",.278
"05/06/2025","15:30",.263
"05/06/2025","15:45",.184
"05/06/2025","16:00",.175
"05/06/2025","16:15",.228
"05/06/2025","16:30",.242
"05/06/2025","16:45",.192
"05/06/2025","17:00",.174
"05/06/2025","17:15",.181
"05/06/2025","17:30",.182
"05/06/2025","17:45",.191
"05/06/2025","18:00",.202
"05/06/2025","18:15",.283
"05/06/2025","18:30",.185
"05/06/2025","18:45",.204
"05/06/2025","19:00",.201
"05/06/2025","19:15",.221
"05/06/2025","19:30",.178
"05/06/2025","19:45",.183
"05/06/2025","20:00",.195
"05/06/2025","20:15",.558
"05/06/2025","20:30",.631
"05/06/2025","20:45",.615
"05/06/2025","21:00",.27
"05/06/2025","21:15",.291
"05/06/2025","21:30",.26
"05/06/2025","21:45",.275
"05/06/2025","22:00",.379
"05/06/2025","22:15",.31
"05/06/2025","22:30",.316
"05/06/2025","22:45",.851
"05/06/2025","23:00",.208
"05/06/2025","23:15",.171
"05/06/2025","23:30",.305
"05/06/2025","23:45",.41
"06/06/2025","00:00",1.252
"06/06/2025","00:15",.272
"06/06/2025","00:30",.137
"06/06/2025","00:45",.125
"06/06/2025","01:00",.159
"06/06/2025","01:15",.138
"06/06/2025","01:30",.116
"06/06/2025","01:45",.174
"06/06/2025","02:00",.112
"06/06/2025","02:15",.124
"06/06/2025","02:30",.126
"06/06/2025","02:45",.104
"06/06/2025","03:00",.161
"06/06/2025","03:15",.105
"06/06/2025","03:30",.14
"06/06/2025","03:45",.079
"06/06/2025","04:00",.152
"06/06/2025","04:15",.093
"06/06/2025","04:30",.139
"06/06/2025","04:45",.076
"06/06/2025","05:00",.092
"06/06/2025","05:15",.151
"06/06/2025","05:30",.134
"06/06/2025","05:45",.146
"06/06/2025","06:00",.07
"06/06/2025","06:15",.087
"06/06/2025","06:30",.131
"06/06/2025","06:45",.105
"06/06/2025","07:00",.231
"06/06/2025","07:15",.167
"06/06/2025","07:30",.862
"06/06/2025","07:45",.821
"06/06/2025","08:00",.1
"06/06/2025","08:15",.092
"06/06/2025","08:30",.117
"06/06/2025","08:45",.706
"06/06/2025","09:00",.893
"06/06/2025","09:15",.218
"06/06/2025","09:30",.121
"06/06/2025","09:45",.143
"06/06/2025","10:00",.123
"06/06/2025","10:15",.147
"06/06/2025","10:30",.111
"06/06/2025","10:45",.137
"06/06/2025","11:00",.173
"06/06/2025","11:15",.322
"06/06/2025","11:30",.178
"06/06/2025","11:45",.115
"06/06/2025","12:00",.152
"06/06/2025","12:15",.125
"06/06/2025","12:30",.101
"06/06/2025","12:45",.101
"06/06/2025","13:00",.116
"06/06/2025","13:15",.132
"06/06/2025","13:30",.1
"06/06/2025","13:45",.123
"06/06/2025","14:00",.111
"06/06/2025","14:15",.137
"06/06/2025","14:30",.392
"06/06/2025","14:45",.76
"06/06/2025","15:00",.39
"06/06/2025","15:15",.507
"06/06/2025","15:30",.481
"06/06/2025","15:45",.348
"06/06/2025","16:00",.251
"06/06/2025","16:15",.359
"06/06/2025","16:30",.233
"06/06/2025","16:45",.275
"06/06/2025","17:00",.177
"06/06/2025","17:15",.198
"06/06/2025","17:30",.148
"06/06/2025","17:45",.168
"06/06/2025","18:00",.106
"06/06/2025","18:15",.133
"06/06/2025","18:30",.137
"06/06/2025","18:45",.139
"06/06/2025","19:00",.194
"06/06/2025","19:15",.166
"06/06/2025","19:30",.182
"06/06/2025","19:45",.206
"06/06/2025","20:00",.233
"06/06/2025","20:15",.262
"06/06/2025","20:30",.408
"06/06/2025","20:45",.737
"06/06/2025","21:00",.297
"06/06/2025","21:15",.411
"06/06/2025","21:30",.464
"06/06/2025","21:45",.29
"06/06/2025","22:00",.418
"06/06/2025","22:15",.391
"06/06/2025","22:30",.337
"06/06/2025","22:45",.366
"06/06/2025","23:00",.262
"06/06/2025","23:15",.279
"06/06/2025","23:30",.25
"06/06/2025","23:45",.558
"07/06/2025","00:00",.241
"07/06/2025","00:15",.359
"07/06/2025","00:30",1.233
"07/06/2025","00:45",.21
"07/06/2025","01:00",.16
"07/06/2025","01:15",.249
"07/06/2025","01:30",.082
"07/06/2025","01:45",.165
"07/06/2025","02:00",.082
"07/06/2025","02:15",.167
"07/06/2025","02:30",.074
"07/06/2025","02:45",.152
"07/06/2025","03:00",.083
"07/06/2025","03:15",.085
"07/06/2025","03:30",.156
"07/06/2025","03:45",.066
"07/06/2025","04:00",.079
"07/06/2025","04:15",.145
"07/06/2025","04:30",.112
"07/06/2025","04:45",.426
"07/06/2025","05:00",.133
"07/06/2025","05:15",.247
"07/06/2025","05:30",.173
"07/06/2025","05:45",.082
"07/06/2025","06:00",.07
"07/06/2025","06:15",.076
"07/06/2025","06:30",.181
"07/06/2025","06:45",.107
"07/06/2025","07:00",.121
"07/06/2025","07:15",.077
"07/06/2025","07:30",.143
"07/06/2025","07:45",.08
"07/06/2025","08:00",.167
"07/06/2025","08:15",.07
"07/06/2025","08:30",.101
"07/06/2025","08:45",.136
"07/06/2025","09:00",.076
"07/06/2025","09:15",.13
"07/06/2025","09:30",.101
"07/06/2025","09:45",.386
"07/06/2025","10:00",.522
"07/06/2025","10:15",1.006
"07/06/2025","10:30",.187
"07/06/2025","10:45",.31
"07/06/2025","11:00",.418
"07/06/2025","11:15",.627
"07/06/2025","11:30",.834
"07/06/2025","11:45",.302
"07/06/2025","12:00",.23
"07/06/2025","12:15",.321
"07/06/2025","12:30",.104
"07/06/2025","12:45",.134
"07/06/2025","13:00",.098
"07/06/2025","13:15",.103
"07/06/2025","13:30",.339
"07/06/2025","13:45",.791
"07/06/2025","14:00",1.017
"07/06/2025","14:15",.811
"07/06/2025","14:30",.47
"07/06/2025","14:45",.136
"07/06/2025","15:00",.127
"07/06/2025","15:15",.137
"07/06/2025","15:30",.121
"07/06/2025","15:45",.146
"07/06/2025","16:00",.144
"07/06/2025","16:15",.138
"07/06/2025","16:30",.353
"07/06/2025","16:45",.383
"07/06/2025","17:00",.205
"07/06/2025","17:15",.135
"07/06/2025","17:30",.169
"07/06/2025","17:45",.181
"07/06/2025","18:00",.414
"07/06/2025","18:15",.412
"07/06/2025","18:30",.181
"07/06/2025","18:45",.151
"07/06/2025","19:00",.146
"07/06/2025","19:15",.171
"07/06/2025","19:30",.171
"07/06/2025","19:45",.192
"07/06/2025","20:00",.203
"07/06/2025","20:15",.164
"07/06/2025","20:30",.174
"07/06/2025","20:45",.157
"07/06/2025","21:00",.226
"07/06/2025","21:15",.249
"07/06/2025","21:30",.225
"07/06/2025","21:45",.345
"07/06/2025","22:00",.278
"07/06/2025","22:15",.227
"07/06/2025","22:30",.242
"07/06/2025","22:45",.334
"07/06/2025","23:00",.311
"07/06/2025","23:15",.24
"07/06/2025","23:30",.271
"07/06/2025","23:45",.402
"08/06/2025","00:00",.565
"08/06/2025","00:15",.944
"08/06/2025","00:30",.122
"08/06/2025","00:45",.211
"08/06/2025","01:00",.245
"08/06/2025","01:15",.161
"08/06/2025","01:30",.207
"08/06/2025","01:45",.152
"08/06/2025","02:00",.15
"08/06/2025","02:15",.199
"08/06/2025","02:30",.152
"08/06/2025","02:45",.168
"08/06/2025","03:00",.169
"08/06/2025","03:15",.136
"08/06/2025","03:30",.184
"08/06/2025","03:45",.2
"08/06/2025","04:00",.162
"08/06/2025","04:15",.376
"08/06/2025","04:30",.284
"08/06/2025","04:45",.13
"08/06/2025","05:00",.227
"08/06/2025","05:15",.153
"08/06/2025","05:30",.262
"08/06/2025","05:45",.12
"08/06/2025","06:00",.082
"08/06/2025","06:15",.208
"08/06/2025","06:30",.086
"08/06/2025","06:45",.159
"08/06/2025","07:00",.107
"08/06/2025","07:15",.341
"08/06/2025","07:30",.402
"08/06/2025","07:45",.259
"08/06/2025","08:00",.134
"08/06/2025","08:15",.111
"08/06/2025","08:30",.107
"08/06/2025","08:45",.114
"08/06/2025","09:00",.965
"08/06/2025","09:15",1.664
"08/06/2025","09:30",.169
"08/06/2025","09:45",.589
"08/06/2025","10:00",.577
"08/06/2025","10:15",.672
"08/06/2025","10:30",.333
"08/06/2025","10:45",.183
"08/06/2025","11:00",.204
"08/06/2025","11:15",.211
"08/06/2025","11:30",.151
"08/06/2025","11:45",.19
"08/06/2025","12:00",.169
"08/06/2025","12:15",.11
"08/06/2025","12:30",.134
"08/06/2025","12:45",.102
"08/06/2025","13:00",.128
"08/06/2025","13:15",.092
"08/06/2025","13:30",.083
"08/06/2025","13:45",.235
"08/06/2025","14:00",.106
"08/06/2025","14:15",.119
"08/06/2025","14:30",.107
"08/06/2025","14:45",.217
"08/06/2025","15:00",.379
"08/06/2025","15:15",.304
"08/06/2025","15:30",.26
"08/06/2025","15:45",.323
"08/06/2025","16:00",.143
"08/06/2025","16:15",.399
"08/06/2025","16:30",.163
"08/06/2025","16:45",.337
"08/06/2025","17:00",.603
"08/06/2025","17:15",.362
"08/06/2025","17:30",.239
"08/06/2025","17:45",.163
"08/06/2025","18:00",.152
"08/06/2025","18:15",.102
"08/06/2025","18:30",.14
"08/06/2025","18:45",.121
"08/06/2025","19:00",.135
"08/06/2025","19:15",.231
"08/06/2025","19:30",.163
"08/06/2025","19:45",.146
"08/06/2025","20:00",.128
"08/06/2025","20:15",.177
"08/06/2025","20:30",.165
"08/06/2025","20:45",.289
"08/06/2025","21:00",.474
"08/06/2025","21:15",.443
"08/06/2025","21:30",.509
"08/06/2025","21:45",.413
"08/06/2025","22:00",.362
"08/06/2025","22:15",.486
"08/06/2025","22:30",1.366
"08/06/2025","22:45",.343
"08/06/2025","23:00",.247
"08/06/2025","23:15",1.607
"08/06/2025","23:30",.407
"08/06/2025","23:45",1.439
"09/06/2025","00:00",.304
"09/06/2025","00:15",.259
"09/06/2025","00:30",.293
"09/06/2025","00:45",.271
"09/06/2025","01:00",.111
"09/06/2025","01:15",.081
"09/06/2025","01:30",.137
"09/06/2025","01:45",.092
"09/06/2025","02:00",.123
"09/06/2025","02:15",.084
"09/06/2025","02:30",.155
"09/06/2025","02:45",.102
"09/06/2025","03:00",.141
"09/06/2025","03:15",.077
"09/06/2025","03:30",.075
"09/06/2025","03:45",.155
"09/06/2025","04:00",.086
"09/06/2025","04:15",.094
"09/06/2025","04:30",.13
"09/06/2025","04:45",.089
"09/06/2025","05:00",.079
"09/06/2025","05:15",.089
"09/06/2025","05:30",.186
"09/06/2025","05:45",.078
"09/06/2025","06:00",.086
"09/06/2025","06:15",.08
"09/06/2025","06:30",.159
"09/06/2025","06:45",.079
"09/06/2025","07:00",.094
"09/06/2025","07:15",.212
"09/06/2025","07:30",.39
"09/06/2025","07:45",.353
"09/06/2025","08:00",.165
"09/06/2025","08:15",.17
"09/06/2025","08:30",.154
"09/06/2025","08:45",.108
"09/06/2025","09:00",1.018
"09/06/2025","09:15",.631
"09/06/2025","09:30",.597
"09/06/2025","09:45",.408
"09/06/2025","10:00",.46
"09/06/2025","10:15",.402
"09/06/2025","10:30",.122
"09/06/2025","10:45",.181
"09/06/2025","11:00",.269
"09/06/2025","11:15",.122
"09/06/2025","11:30",.118
"09/06/2025","11:45",.175
"09/06/2025","12:00",.148
"09/06/2025","12:15",.191
"09/06/2025","12:30",.134
"09/06/2025","12:45",.162
"09/06/2025","13:00",.11
"09/06/2025","13:15",.145
"09/06/2025","13:30",.151
"09/06/2025","13:45",.193
"09/06/2025","14:00",.166
"09/06/2025","14:15",.178
"09/06/2025","14:30",.22
"09/06/2025","14:45",.165
"09/06/2025","15:00",.16
"09/06/2025","15:15",.186
"09/06/2025","15:30",.202
"09/06/2025","15:45",.167
"09/06/2025","16:00",.14
"09/06/2025","16:15",.191
"09/06/2025","16:30",.148
"09/06/2025","16:45",.157
"09/06/2025","17:00",.153
"09/06/2025","17:15",.144
"09/06/2025","17:30",.15
"09/06/2025","17:45",.135
"09/06/2025","18:00",.142
"09/06/2025","18:15",.136
"09/06/2025","18:30",.16
"09/06/2025","18:45",.191
"09/06/2025","19:00",.176
"09/06/2025","19:15",.222
"09/06/2025","19:30",.224
"09/06/2025","19:45",.287
"09/06/2025","20:00",.293
"09/06/2025","20:15",.509
"09/06/2025","20:30",.402
"09/06/2025","20:45",.414
"09/06/2025","21:00",.33
"09/06/2025","21:15",.296
"09/06/2025","21:30",.239
"09/06/2025","21:45",.239
"09/06/2025","22:00",.277
"09/06/2025","22:15",.498
"09/06/2025","22:30",.265
"09/06/2025","22:45",.308
"09/06/2025","23:00",.277
"09/06/2025","23:15",.165
"09/06/2025","23:30",.228
"09/06/2025","23:45",.171
"10/06/2025","00:00",.384
"10/06/2025","00:15",.464
"10/06/2025","00:30",1.332
"10/06/2025","00:45",.218
"10/06/2025","01:00",.148
"10/06/2025","01:15",.088
"10/06/2025","01:30",.142
"10/06/2025","01:45",.077
"10/06/2025","02:00",.154
"10/06/2025","02:15",.089
"10/06/2025","02:30",.135
"10/06/2025","02:45",.078
"10/06/2025","03:00",.126
"10/06/2025","03:15",.098
"10/06/2025","03:30",.092
"10/06/2025","03:45",.137
"10/06/2025","04:00",.07
"10/06/2025","04:15",.105
"10/06/2025","04:30",.14
"10/06/2025","04:45",.063
"10/06/2025","05:00",.113
"10/06/2025","05:15",.112
"10/06/2025","05:30",.128
"10/06/2025","05:45",.094
"10/06/2025","06:00",.125
"10/06/2025","06:15",.084
"10/06/2025","06:30",.06
"10/06/2025","06:45",.094
"10/06/2025","07:00",.212
"10/06/2025","07:15",.077
"10/06/2025","07:30",.206
"10/06/2025","07:45",.103
"10/06/2025","08:00",.121
"10/06/2025","08:15",.083
"10/06/2025","08:30",.069
"10/06/2025","08:45",.333
"10/06/2025","09:00",.974
"10/06/2025","09:15",.671
"10/06/2025","09:30",.329
"10/06/2025","09:45",.575
"10/06/2025","10:00",.71
"10/06/2025","10:15",.708
"10/06/2025","10:30",.672
"10/06/2025","10:45",.55
"10/06/2025","11:00",.172
"10/06/2025","11:15",.208
"10/06/2025","11:30",.167
"10/06/2025","11:45",.231
"10/06/2025","12:00",.292
"10/06/2025","12:15",.129
"10/06/2025","12:30",.256
"10/06/2025","12:45",.26
"10/06/2025","13:00",.366
"10/06/2025","13:15",.391
"10/06/2025","13:30",.214
"10/06/2025","13:45",.126
"10/06/2025","14:00",.212
"10/06/2025","14:15",.149
"10/06/2025","14:30",.132
"10/06/2025","14:45",.172
"10/06/2025","15:00",.14
"10/06/2025","15:15",.139
"10/06/2025","15:30",.153
"10/06/2025","15:45",.135
"10/06/2025","16:00",.174
"10/06/2025","16:15",.14
"10/06/2025","16:30",.136
"10/06/2025","16:45",.253
"10/06/2025","17:00",.225
"10/06/2025","17:15",.189
"10/06/2025","17:30",.116
"10/06/2025","17:45",.115
"10/06/2025","18:00",.108
"10/06/2025","18:15",.116
"10/06/2025","18:30",.126
"10/06/2025","18:45",.165
"10/06/2025","19:00",.178
"10/06/2025","19:15",.194
"10/06/2025","19:30",.191
"10/06/2025","19:45",.159
"10/06/2025","20:00",.453
"10/06/2025","20:15",.616
"10/06/2025","20:30",.453
"10/06/2025","20:45",.53
"10/06/2025","21:00",.317
"10/06/2025","21:15",.277
"10/06/2025","21:30",.25
"10/06/2025","21:45",.255
"10/06/2025","22:00",.34
"10/06/2025","22:15",.296
"10/06/2025","22:30",.333
"10/06/2025","22:45",1.875
"10/06/2025","23:00",1.084
"10/06/2025","23:15",.878
"10/06/2025","23:30",.205
"10/06/2025","23:45",.151
"11/06/2025","00:00",.241
"11/06/2025","00:15",.183
"11/06/2025","00:30",.12
"11/06/2025","00:45",.145
"11/06/2025","01:00",.13
"11/06/2025","01:15",.116
"11/06/2025","01:30",.119
"11/06/2025","01:45",.156
"11/06/2025","02:00",.107
"11/06/2025","02:15",.237
"11/06/2025","02:30",.191
"11/06/2025","02:45",.124
"11/06/2025","03:00",.196
"11/06/2025","03:15",.141
"11/06/2025","03:30",.147
"11/06/2025","03:45",.191
"11/06/2025","04:00",.084
"11/06/2025","04:15",.458
"11/06/2025","04:30",.393
"11/06/2025","04:45",.323
"11/06/2025","05:00",.119
"11/06/2025","05:15",.197
"11/06/2025","05:30",.303
"11/06/2025","05:45",.108
"11/06/2025","06:00",.162
"11/06/2025","06:15",.194
"11/06/2025","06:30",.166
"11/06/2025","06:45",.112
"11/06/2025","07:00",.2
"11/06/2025","07:15",.22
"11/06/2025","07:30",.38
"11/06/2025","07:45",.982
"11/06/2025","08:00",.318
"11/06/2025","08:15",.278
"11/06/2025","08:30",.267
"11/06/2025","08:45",.156
"11/06/2025","09:00",.143
"11/06/2025","09:15",.175
"11/06/2025","09:30",.133
"11/06/2025","09:45",.175
"11/06/2025","10:00",.145
"11/06/2025","10:15",.25
"11/06/2025","10:30",.606
"11/06/2025","10:45",.789
"11/06/2025","11:00",.565
"11/06/2025","11:15",.633
"11/06/2025","11:30",.425
"11/06/2025","11:45",.127
"11/06/2025","12:00",.189
"11/06/2025","12:15",.329
"11/06/2025","12:30",.417
"11/06/2025","12:45",.326
"11/06/2025","13:00",.365
"11/06/2025","13:15",.302
"11/06/2025","13:30",.289
"11/06/2025","13:45",.32
"11/06/2025","14:00",.293
"11/06/2025","14:15",.319
"11/06/2025","14:30",.334
"11/06/2025","14:45",.288
"11/06/2025","15:00",.35
"11/06/2025","15:15",.302
"11/06/2025","15:30",.158
"11/06/2025","15:45",.168
"11/06/2025","16:00",.237
"11/06/2025","16:15",.167
"11/06/2025","16:30",.201
"11/06/2025","16:45",.179
"11/06/2025","17:00",.172
"11/06/2025","17:15",.183
"11/06/2025","17:30",.182
"11/06/2025","17:45",.16
"11/06/2025","18:00",.249
"11/06/2025","18:15",.146
"11/06/2025","18:30",.147
"11/06/2025","18:45",.162
"11/06/2025","19:00",.154
"11/06/2025","19:15",.285
"11/06/2025","19:30",.187
"11/06/2025","19:45",.16
"11/06/2025","20:00",.166
"11/06/2025","20:15",.183
"11/06/2025","20:30",.252
"11/06/2025","20:45",.495
"11/06/2025","21:00",.44
"11/06/2025","21:15",.29
"11/06/2025","21:30",.225
"11/06/2025","21:45",.285
"11/06/2025","22:00",.359
"11/06/2025","22:15",.447
"11/06/2025","22:30",.854
"11/06/2025","22:45",.344
"11/06/2025","23:00",.282
"11/06/2025","23:15",.28
"11/06/2025","23:30",.243
"11/06/2025","23:45",.309
"12/06/2025","00:00",.287
"12/06/2025","00:15",.221
"12/06/2025","00:30",.192
"12/06/2025","00:45",.248
"12/06/2025","01:00",.173
"12/06/2025","01:15",.247
"12/06/2025","01:30",.6
"12/06/2025","01:45",1.248
"12/06/2025","02:00",.186
"12/06/2025","02:15",.124
"12/06/2025","02:30",.172
"12/06/2025","02:45",.152
"12/06/2025","03:00",.124
"12/06/2025","03:15",.165
"12/06/2025","03:30",.141
"12/06/2025","03:45",.113
"12/06/2025","04:00",.184
"12/06/2025","04:15",.089
"12/06/2025","04:30",.2
"12/06/2025","04:45",.082
"12/06/2025","05:00",.113
"12/06/2025","05:15",.207
"12/06/2025","05:30",.124
"12/06/2025","05:45",.086
"12/06/2025","06:00",.199
"12/06/2025","06:15",.105
"12/06/2025","06:30",.13
"12/06/2025","06:45",.277
"12/06/2025","07:00",.232
"12/06/2025","07:15",.186
"12/06/2025","07:30",.162
"12/06/2025","07:45",.103
"12/06/2025","08:00",.089
"12/06/2025","08:15",.064
"12/06/2025","08:30",.085
"12/06/2025","08:45",.093
"12/06/2025","09:00",.065
"12/06/2025","09:15",.08
"12/06/2025","09:30",.058
"12/06/2025","09:45",.165
"12/06/2025","10:00",.352
"12/06/2025","10:15",.163
"12/06/2025","10:30",.257
"12/06/2025","10:45",.401
"12/06/2025","11:00",.323
"12/06/2025","11:15",.575
"12/06/2025","11:30",.216
"12/06/2025","11:45",.221
"12/06/2025","12:00",.174
"12/06/2025","12:15",.19
"12/06/2025","12:30",.176
"12/06/2025","12:45",.209
"12/06/2025","13:00",.207
"12/06/2025","13:15",.174
"12/06/2025","13:30",.76
"12/06/2025","13:45",.631
"12/06/2025","14:00",.627
"12/06/2025","14:15",.363
"12/06/2025","14:30",.262
"12/06/2025","14:45",.247
"12/06/2025","15:00",.215
"12/06/2025","15:15",.269
"12/06/2025","15:30",.266
"12/06/2025","15:45",.189
"12/06/2025","16:00",.146
"12/06/2025","16:15",.122
"12/06/2025","16:30",.212
"12/06/2025","16:45",.215
"12/06/2025","17:00",.264
"12/06/2025","17:15",.211
"12/06/2025","17:30",.217
"12/06/2025","17:45",.256
"12/06/2025","18:00",.223
"12/06/2025","18:15",.166
"12/06/2025","18:30",.11
"12/06/2025","18:45",.124
"12/06/2025","19:00",.143
"12/06/2025","19:15",.121
"12/06/2025","19:30",.117
"12/06/2025","19:45",.112
"12/06/2025","20:00",.126
"12/06/2025","20:15",.126
"12/06/2025","20:30",.116
"12/06/2025","20:45",.115
"12/06/2025","21:00",.116
"12/06/2025","21:15",.113
"12/06/2025","21:30",.123
"12/06/2025","21:45",.107
"12/06/2025","22:00",.118
"12/06/2025","22:15",.123
"12/06/2025","22:30",.119
"12/06/2025","22:45",.122
"12/06/2025","23:00",.103
"12/06/2025","23:15",.134
"12/06/2025","23:30",.095
"12/06/2025","23:45",.241
"13/06/2025","00:00",.227
"13/06/2025","00:15",.182
"13/06/2025","00:30",.222
"13/06/2025","00:45",.201
"13/06/2025","01:00",1.075
"13/06/2025","01:15",.504
"13/06/2025","01:30",.182
"13/06/2025","01:45",.162
"13/06/2025","02:00",.101
"13/06/2025","02:15",.147
"13/06/2025","02:30",.142
"13/06/2025","02:45",.106
"13/06/2025","03:00",.119
"13/06/2025","03:15",.143
"13/06/2025","03:30",.089
"13/06/2025","03:45",.146
"13/06/2025","04:00",.081
"13/06/2025","04:15",.077
"13/06/2025","04:30",.078
"13/06/2025","04:45",.085
"13/06/2025","05:00",.077
"13/06/2025","05:15",.145
"13/06/2025","05:30",.151
"13/06/2025","05:45",.076
"13/06/2025","06:00",.075
"13/06/2025","06:15",.068
"13/06/2025","06:30",.076
"13/06/2025","06:45",.094
"13/06/2025","07:00",.079
"13/06/2025","07:15",.211
"13/06/2025","07:30",.181
"13/06/2025","07:45",.204
"13/06/2025","08:00",.132
"13/06/2025","08:15",.126
"13/06/2025","08:30",.18
"13/06/2025","08:45",.179
"13/06/2025","09:00",.099
"13/06/2025","09:15",.176
"13/06/2025","09:30",.558
"13/06/2025","09:45",.965
"13/06/2025","10:00",.15
"13/06/2025","10:15",.194
"13/06/2025","10:30",.191
"13/06/2025","10:45",.37
"13/06/2025","11:00",.417
"13/06/2025","11:15",.312
"13/06/2025","11:30",.289
"13/06/2025","11:45",.205
"13/06/2025","12:00",.227
"13/06/2025","12:15",.436
"13/06/2025","12:30",.56
"13/06/2025","12:45",.471
"13/06/2025","13:00",.331
"13/06/2025","13:15",.243
"13/06/2025","13:30",.253
"13/06/2025","13:45",.246
"13/06/2025","14:00",.221
"13/06/2025","14:15",.2
"13/06/2025","14:30",.153
"13/06/2025","14:45",.456
"13/06/2025","15:00",.843
"13/06/2025","15:15",.886
"13/06/2025","15:30",.564
"13/06/2025","15:45",.3
"13/06/2025","16:00",.405
"13/06/2025","16:15",.351
"13/06/2025","16:30",.331
"13/06/2025","16:45",.292
"13/06/2025","17:00",.306
"13/06/2025","17:15",.324
"13/06/2025","17:30",.295
"13/06/2025","17:45",.259
"13/06/2025","18:00",.215
"13/06/2025","18:15",.207
"13/06/2025","18:30",.253
"13/06/2025","18:45",.203
"13/06/2025","19:00",.205
"13/06/2025","19:15",.199
"13/06/2025","19:30",.273
"13/06/2025","19:45",.281
"13/06/2025","20:00",.446
"13/06/2025","20:15",.613
"13/06/2025","20:30",.311
"13/06/2025","20:45",.298
"13/06/2025","21:00",.279
"13/06/2025","21:15",.291
"13/06/2025","21:30",.273
"13/06/2025","21:45",.287
"13/06/2025","22:00",.332
"13/06/2025","22:15",.241
"13/06/2025","22:30",.23
"13/06/2025","22:45",.258
"13/06/2025","23:00",.358
"13/06/2025","23:15",.267
"13/06/2025","23:30",.267
"13/06/2025","23:45",.29
"14/06/2025","00:00",.236
"14/06/2025","00:15",.248
"14/06/2025","00:30",.188
"14/06/2025","00:45",.342
"14/06/2025","01:00",.225
"14/06/2025","01:15",.29
"14/06/2025","01:30",.744
"14/06/2025","01:45",.659
"14/06/2025","02:00",.168
"14/06/2025","02:15",.114
"14/06/2025","02:30",.156
"14/06/2025","02:45",.151
"14/06/2025","03:00",.077
"14/06/2025","03:15",.159
"14/06/2025","03:30",.092
"14/06/2025","03:45",.153
"14/06/2025","04:00",.14
"14/06/2025","04:15",.169
"14/06/2025","04:30",.19
"14/06/2025","04:45",.172
"14/06/2025","05:00",.258
"14/06/2025","05:15",.212
"14/06/2025","05:30",.154
"14/06/2025","05:45",.091
"14/06/2025","06:00",.091
"14/06/2025","06:15",.079
"14/06/2025","06:30",.087
"14/06/2025","06:45",.123
"14/06/2025","07:00",.108
"14/06/2025","07:15",.095
"14/06/2025","07:30",.077
"14/06/2025","07:45",.093
"14/06/2025","08:00",.07
"14/06/2025","08:15",.103
"14/06/2025","08:30",.088
"14/06/2025","08:45",.092
"14/06/2025","09:00",.088
"14/06/2025","09:15",.11
"14/06/2025","09:30",.15
"14/06/2025","09:45",.092
"14/06/2025","10:00",.14
"14/06/2025","10:15",.375
"14/06/2025","10:30",.463
"14/06/2025","10:45",.294
"14/06/2025","11:00",.629
"14/06/2025","11:15",.246
"14/06/2025","11:30",.597
"14/06/2025","11:45",.533
"14/06/2025","12:00",.491
"14/06/2025","12:15",.385
"14/06/2025","12:30",.561
"14/06/2025","12:45",.468
"14/06/2025","13:00",.403
"14/06/2025","13:15",.497
"14/06/2025","13:30",.374
"14/06/2025","13:45",.417
"14/06/2025","14:00",.503
"14/06/2025","14:15",.725
"14/06/2025","14:30",.669
"14/06/2025","14:45",.649
"14/06/2025","15:00",.525
"14/06/2025","15:15",.792
"14/06/2025","15:30",1.031
"14/06/2025","15:45",.671
"14/06/2025","16:00",.492
"14/06/2025","16:15",.313
"14/06/2025","16:30",.3
"14/06/2025","16:45",.37
"14/06/2025","17:00",.458
"14/06/2025","17:15",.463
"14/06/2025","17:30",.308
"14/06/2025","17:45",.321
"14/06/2025","18:00",.351
"14/06/2025","18:15",.348
"14/06/2025","18:30",.363
"14/06/2025","18:45",.355
"14/06/2025","19:00",.413
"14/06/2025","19:15",.457
"14/06/2025","19:30",.444
"14/06/2025","19:45",.432
"14/06/2025","20:00",.382
"14/06/2025","20:15",.339
"14/06/2025","20:30",.243
"14/06/2025","20:45",.249
"14/06/2025","21:00",.296
"14/06/2025","21:15",.261
"14/06/2025","21:30",.282
"14/06/2025","21:45",.346
"14/06/2025","22:00",.291
"14/06/2025","22:15",.255
"14/06/2025","22:30",.325
"14/06/2025","22:45",1.001
"14/06/2025","23:00",.261
"14/06/2025","23:15",.204
"14/06/2025","23:30",.844
"14/06/2025","23:45",.316
"15/06/2025","00:00",.733
"15/06/2025","00:15",.249
"15/06/2025","00:30",.472
"15/06/2025","00:45",.84
"15/06/2025","01:00",.689
"15/06/2025","01:15",.241
"15/06/2025","01:30",.166
"15/06/2025","01:45",.186
"15/06/2025","02:00",.198
"15/06/2025","02:15",.098
"15/06/2025","02:30",.148
"15/06/2025","02:45",.067
"15/06/2025","03:00",.18
"15/06/2025","03:15",.08
"15/06/2025","03:30",.207
"15/06/2025","03:45",.09
"15/06/2025","04:00",.1
"15/06/2025","04:15",.19
"15/06/2025","04:30",.093
"15/06/2025","04:45",.112
"15/06/2025","05:00",.179
"15/06/2025","05:15",.092
"15/06/2025","05:30",.145
"15/06/2025","05:45",.093
"15/06/2025","06:00",.175
"15/06/2025","06:15",.127
"15/06/2025","06:30",.08
"15/06/2025","06:45",.088
"15/06/2025","07:00",.09
"15/06/2025","07:15",.155
"15/06/2025","07:30",.116
"15/06/2025","07:45",.118
"15/06/2025","08:00",.096
"15/06/2025","08:15",.131
"15/06/2025","08:30",.114
"15/06/2025","08:45",.124
"15/06/2025","09:00",.319
"15/06/2025","09:15",1.359
"15/06/2025","09:30",.209
"15/06/2025","09:45",.207
"15/06/2025","10:00",.45
"15/06/2025","10:15",.242
"15/06/2025","10:30",.33
"15/06/2025","10:45",.175
"15/06/2025","11:00",.187
"15/06/2025","11:15",.158
"15/06/2025","11:30",.196
"15/06/2025","11:45",.187
"15/06/2025","12:00",.168
"15/06/2025","12:15",.262
"15/06/2025","12:30",.224
"15/06/2025","12:45",.238
"15/06/2025","13:00",.215
"15/06/2025","13:15",.231
"15/06/2025","13:30",.313
"15/06/2025","13:45",.294
"15/06/2025","14:00",.737
"15/06/2025","14:15",.594
"15/06/2025","14:30",.273
"15/06/2025","14:45",.336
"15/06/2025","15:00",.283
"15/06/2025","15:15",.293
"15/06/2025","15:30",.213
"15/06/2025","15:45",.327
"15/06/2025","16:00",.421
"15/06/2025","16:15",.333
"15/06/2025","16:30",.454
"15/06/2025","16:45",.689
"15/06/2025","17:00",1.073
"15/06/2025","17:15",.819
"15/06/2025","17:30",.673
"15/06/2025","17:45",.72
"15/06/2025","18:00",.436
"15/06/2025","18:15",.303
"15/06/2025","18:30",.273
"15/06/2025","18:45",.251
"15/06/2025","19:00",.243
"15/06/2025","19:15",.236
"15/06/2025","19:30",.312
"15/06/2025","19:45",.223
"15/06/2025","20:00",.25
"15/06/2025","20:15",.251
"15/06/2025","20:30",.28
"15/06/2025","20:45",.294
"15/06/2025","21:00",.291
"15/06/2025","21:15",.344
"15/06/2025","21:30",.304
"15/06/2025","21:45",.41
"15/06/2025","22:00",.317
"15/06/2025","22:15",.351
"15/06/2025","22:30",.292
"15/06/2025","22:45",.28
"15/06/2025","23:00",.476
"15/06/2025","23:15",.215
"15/06/2025","23:30",.221
"15/06/2025","23:45",.218
"16/06/2025","00:00",.241
"16/06/2025","00:15",.24
"16/06/2025","00:30",.173
"16/06/2025","00:45",.121
"16/06/2025","01:00",.158
"16/06/2025","01:15",.2
"16/06/2025","01:30",.352
"16/06/2025","01:45",1.476
"16/06/2025","02:00",.119
"16/06/2025","02:15",.137
"16/06/2025","02:30",.11
"16/06/2025","02:45",.094
"16/06/2025","03:00",.135
"16/06/2025","03:15",.086
"16/06/2025","03:30",.081
"16/06/2025","03:45",.168
"16/06/2025","04:00",.432
"16/06/2025","04:15",.509
"16/06/2025","04:30",.148
"16/06/2025","04:45",.104
"16/06/2025","05:00",.219
"16/06/2025","05:15",.149
"16/06/2025","05:30",.15
"16/06/2025","05:45",.105
"16/06/2025","06:00",.097
"16/06/2025","06:15",.109
"16/06/2025","06:30",.168
"16/06/2025","06:45",.16
"16/06/2025","07:00",.104
"16/06/2025","07:15",.151
"16/06/2025","07:30",.126
"16/06/2025","07:45",.144
"16/06/2025","08:00",.126
"16/06/2025","08:15",.129
"16/06/2025","08:30",.097
"16/06/2025","08:45",.172
"16/06/2025","09:00",.08
"16/06/2025","09:15",.182
"16/06/2025","09:30",.11
"16/06/2025","09:45",.158
"16/06/2025","10:00",.217
"16/06/2025","10:15",.299
"16/06/2025","10:30",.444
"16/06/2025","10:45",.592
"16/06/2025","11:00",.243
"16/06/2025","11:15",.467
"16/06/2025","11:30",.499
"16/06/2025","11:45",.304
"16/06/2025","12:00",.233
"16/06/2025","12:15",.213
"16/06/2025","12:30",.244
"16/06/2025","12:45",.235
"16/06/2025","13:00",.23
"16/06/2025","13:15",.204
"16/06/2025","13:30",.227
"16/06/2025","13:45",.197
"16/06/2025","14:00",.271
"16/06/2025","14:15",.248
"16/06/2025","14:30",.376
"16/06/2025","14:45",.262
"16/06/2025","15:00",.212
"16/06/2025","15:15",.218
"16/06/2025","15:30",.32
"16/06/2025","15:45",.312
"16/06/2025","16:00",.298
"16/06/2025","16:15",.251
"16/06/2025","16:30",.257
"16/06/2025","16:45",.363
"16/06/2025","17:00",.365
"16/06/2025","17:15",.456
"16/06/2025","17:30",.482
"16/06/2025","17:45",.492
"16/06/2025","18:00",.456
"16/06/2025","18:15",.262
"16/06/2025","18:30",.226
"16/06/2025","18:45",.211
"16/06/2025","19:00",.345
"16/06/2025","19:15",.244
"16/06/2025","19:30",.223
"16/06/2025","19:45",.242
"16/06/2025","20:00",.325
"16/06/2025","20:15",.522
"16/06/2025","20:30",.5
"16/06/2025","20:45",.456
"16/06/2025","21:00",.3
"16/06/2025","21:15",.299
"16/06/2025","21:30",.267
"16/06/2025","21:45",.249
"16/06/2025","22:00",.273
"16/06/2025","22:15",.272
"16/06/2025","22:30",.285
"16/06/2025","22:45",.355
"16/06/2025","23:00",.275
"16/06/2025","23:15",.261
"16/06/2025","23:30",.241
"16/06/2025","23:45",.285
"17/06/2025","00:00",.27
"17/06/2025","00:15",.231
"17/06/2025","00:30",.265
"17/06/2025","00:45",.273
"17/06/2025","01:00",.208
"17/06/2025","01:15",.229
"17/06/2025","01:30",.348
"17/06/2025","01:45",1.259
"17/06/2025","02:00",.211
"17/06/2025","02:15",.118
"17/06/2025","02:30",.154
"17/06/2025","02:45",.16
"17/06/2025","03:00",.109
"17/06/2025","03:15",.125
"17/06/2025","03:30",.163
"17/06/2025","03:45",.08
"17/06/2025","04:00",.159
"17/06/2025","04:15",.13
"17/06/2025","04:30",.211
"17/06/2025","04:45",.168
"17/06/2025","05:00",.093
"17/06/2025","05:15",.112
"17/06/2025","05:30",.12
"17/06/2025","05:45",.107
"17/06/2025","06:00",.094
"17/06/2025","06:15",.102
"17/06/2025","06:30",.083
"17/06/2025","06:45",.087
"17/06/2025","07:00",.094
"17/06/2025","07:15",.101
"17/06/2025","07:30",.112
"17/06/2025","07:45",.087
"17/06/2025","08:00",.087
"17/06/2025","08:15",.102
"17/06/2025","08:30",.188
"17/06/2025","08:45",.227
"17/06/2025","09:00",.22
"17/06/2025","09:15",.233
"17/06/2025","09:30",.26
"17/06/2025","09:45",.31
"17/06/2025","10:00",.5
"17/06/2025","10:15",.763
"17/06/2025","10:30",.54
"17/06/2025","10:45",.29
"17/06/2025","11:00",.486
"17/06/2025","11:15",.458
"17/06/2025","11:30",.369
"17/06/2025","11:45",.211
"17/06/2025","12:00",.209
"17/06/2025","12:15",.187
"17/06/2025","12:30",.217
"17/06/2025","12:45",.216
"17/06/2025","13:00",.675
"17/06/2025","13:15",.976
"17/06/2025","13:30",.827
"17/06/2025","13:45",.889
"17/06/2025","14:00",.692
"17/06/2025","14:15",.798
"17/06/2025","14:30",.286
"17/06/2025","14:45",.227
"17/06/2025","15:00",.248
"17/06/2025","15:15",.23
"17/06/2025","15:30",.294
"17/06/2025","15:45",.261
"17/06/2025","16:00",.251
"17/06/2025","16:15",.266
"17/06/2025","16:30",.289
"17/06/2025","16:45",.304
"17/06/2025","17:00",.269
"17/06/2025","17:15",.298
"17/06/2025","17:30",.299
"17/06/2025","17:45",.294
"17/06/2025","18:00",.269
"17/06/2025","18:15",.295
"17/06/2025","18:30",.378
"17/06/2025","18:45",.299
"17/06/2025","19:00",.26
"17/06/2025","19:15",.232
"17/06/2025","19:30",.255
"17/06/2025","19:45",.241
"17/06/2025","20:00",.263
"17/06/2025","20:15",.263
"17/06/2025","20:30",.692
"17/06/2025","20:45",.509
"17/06/2025","21:00",.549
"17/06/2025","21:15",.372
"17/06/2025","21:30",.333
"17/06/2025","21:45",.304
"17/06/2025","22:00",.381
"17/06/2025","22:15",.4
"17/06/2025","22:30",.318
"17/06/2025","22:45",.39
"17/06/2025","23:00",.905
"17/06/2025","23:15",.693
"17/06/2025","23:30",1.389
"17/06/2025","23:45",.433
"18/06/2025","00:00",.293
"18/06/2025","00:15",.248
"18/06/2025","00:30",.372
"18/06/2025","00:45",.247
"18/06/2025","01:00",.158
"18/06/2025","01:15",.211
"18/06/2025","01:30",.19
"18/06/2025","01:45",.154
"18/06/2025","02:00",.17
"18/06/2025","02:15",.184
"18/06/2025","02:30",.173
"18/06/2025","02:45",.149
"18/06/2025","03:00",.132
"18/06/2025","03:15",.153
"18/06/2025","03:30",.176
"18/06/2025","03:45",.166
"18/06/2025","04:00",.102
"18/06/2025","04:15",.18
"18/06/2025","04:30",.113
"18/06/2025","04:45",.13
"18/06/2025","05:00",.154
"18/06/2025","05:15",.151
"18/06/2025","05:30",.533
"18/06/2025","05:45",.422
"18/06/2025","06:00",.135
"18/06/2025","06:15",.185
"18/06/2025","06:30",.259
"18/06/2025","06:45",.199
"18/06/2025","07:00",.14
"18/06/2025","07:15",.162
"18/06/2025","07:30",.12
"18/06/2025","07:45",.144
"18/06/2025","08:00",.151
"18/06/2025","08:15",.122
"18/06/2025","08:30",.2
"18/06/2025","08:45",.202
"18/06/2025","09:00",.208
"18/06/2025","09:15",.161
"18/06/2025","09:30",.229
"18/06/2025","09:45",.242
"18/06/2025","10:00",.392
"18/06/2025","10:15",.803
"18/06/2025","10:30",.322
"18/06/2025","10:45",.725
"18/06/2025","11:00",.34
"18/06/2025","11:15",.264
"18/06/2025","11:30",.258
"18/06/2025","11:45",.222
"18/06/2025","12:00",.309
"18/06/2025","12:15",.472
"18/06/2025","12:30",.26
"18/06/2025","12:45",.245
"18/06/2025","13:00",.222
"18/06/2025","13:15",.323
"18/06/2025","13:30",.281
"18/06/2025","13:45",.223
"18/06/2025","14:00",.218
"18/06/2025","14:15",.624
"18/06/2025","14:30",.46
"18/06/2025","14:45",.507
"18/06/2025","15:00",.429
"18/06/2025","15:15",.245
"18/06/2025","15:30",.265
"18/06/2025","15:45",.206
"18/06/2025","16:00",.226
"18/06/2025","16:15",.184
"18/06/2025","16:30",.22
"18/06/2025","16:45",.236
"18/06/2025","17:00",.191
"18/06/2025","17:15",.232
"18/06/2025","17:30",.191
"18/06/2025","17:45",.203
"18/06/2025","18:00",.208
"18/06/2025","18:15",.187
"18/06/2025","18:30",.25
"18/06/2025","18:45",.234
"18/06/2025","19:00",.231
"18/06/2025","19:15",.242
"18/06/2025","19:30",.279
"18/06/2025","19:45",.292
"18/06/2025","20:00",.279
"18/06/2025","20:15",.314
"18/06/2025","20:30",.427
"18/06/2025","20:45",.273
"18/06/2025","21:00",.287
"18/06/2025","21:15",.534
"18/06/2025","21:30",.71
"18/06/2025","21:45",.524
"18/06/2025","22:00",.461
"18/06/2025","22:15",.481
"18/06/2025","22:30",.435
"18/06/2025","22:45",.338
"18/06/2025","23:00",.444
"18/06/2025","23:15",.334
"18/06/2025","23:30",1.2
"18/06/2025","23:45",.339
"19/06/2025","00:00",.304
"19/06/2025","00:15",.268
"19/06/2025","00:30",.329
"19/06/2025","00:45",.212
"19/06/2025","01:00",.377
"19/06/2025","01:15",.462
"19/06/2025","01:30",1.112
"19/06/2025","01:45",.611
"19/06/2025","02:00",.288
"19/06/2025","02:15",.153
"19/06/2025","02:30",.157
"19/06/2025","02:45",.12
"19/06/2025","03:00",.17
"19/06/2025","03:15",.132
"19/06/2025","03:30",.328
"19/06/2025","03:45",.166
"19/06/2025","04:00",.214
"19/06/2025","04:15",.178
"19/06/2025","04:30",.213
"19/06/2025","04:45",.233
"19/06/2025","05:00",.102
"19/06/2025","05:15",.278
"19/06/2025","05:30",.189
"19/06/2025","05:45",.218
"19/06/2025","06:00",.152
"19/06/2025","06:15",.172
"19/06/2025","06:30",.146
"19/06/2025","06:45",.174
"19/06/2025","07:00",.233
"19/06/2025","07:15",.207
"19/06/2025","07:30",.315
"19/06/2025","07:45",.213
"19/06/2025","08:00",.162
"19/06/2025","08:15",.196
"19/06/2025","08:30",.156
"19/06/2025","08:45",.283
"19/06/2025","09:00",.15
"19/06/2025","09:15",.162
"19/06/2025","09:30",.264
"19/06/2025","09:45",.381
"19/06/2025","10:00",.549
"19/06/2025","10:15",.755
"19/06/2025","10:30",.296
"19/06/2025","10:45",.412
"19/06/2025","11:00",.48
"19/06/2025","11:15",.41
"19/06/2025","11:30",.329
"19/06/2025","11:45",.324
"19/06/2025","12:00",.256
"19/06/2025","12:15",.308
"19/06/2025","12:30",.259
"19/06/2025","12:45",.447
"19/06/2025","13:00",.584
"19/06/2025","13:15",.549
"19/06/2025","13:30",.357
"19/06/2025","13:45",.553
"19/06/2025","14:00",.77
"19/06/2025","14:15",1.013
"19/06/2025","14:30",.889
"19/06/2025","14:45",.725
"19/06/2025","15:00",.372
"19/06/2025","15:15",.288
"19/06/2025","15:30",.204
"19/06/2025","15:45",.229
"19/06/2025","16:00",.207
"19/06/2025","16:15",.21
"19/06/2025","16:30",.202
"19/06/2025","16:45",.196
"19/06/2025","17:00",.176
"19/06/2025","17:15",.59
"19/06/2025","17:30",.439
"19/06/2025","17:45",.452
"19/06/2025","18:00",.584
"19/06/2025","18:15",.594
"19/06/2025","18:30",.569
"19/06/2025","18:45",.363
"19/06/2025","19:00",.333
"19/06/2025","19:15",.334
"19/06/2025","19:30",.289
"19/06/2025","19:45",.266
"19/06/2025","20:00",.241
"19/06/2025","20:15",.441
"19/06/2025","20:30",.413
"19/06/2025","20:45",.338
"19/06/2025","21:00",.31
"19/06/2025","21:15",.288
"19/06/2025","21:30",.302
"19/06/2025","21:45",.301
"19/06/2025","22:00",.312
"19/06/2025","22:15",.34
"19/06/2025","22:30",.322
"19/06/2025","22:45",.378
"19/06/2025","23:00",.214
"19/06/2025","23:15",.362
"19/06/2025","23:30",.261
"19/06/2025","23:45",.403
"20/06/2025","00:00",.236
"20/06/2025","00:15",.224
"20/06/2025","00:30",.306
"20/06/2025","00:45",.196
"20/06/2025","01:00",.3
"20/06/2025","01:15",.378
"20/06/2025","01:30",.858
"20/06/2025","01:45",.188
"20/06/2025","02:00",.217
"20/06/2025","02:15",.17
"20/06/2025","02:30",.144
"20/06/2025","02:45",.186
"20/06/2025","03:00",.182
"20/06/2025","03:15",.101
"20/06/2025","03:30",.181
"20/06/2025","03:45",.106
"20/06/2025","04:00",.181
"20/06/2025","04:15",.168
"20/06/2025","04:30",.08
"20/06/2025","04:45",.179
"20/06/2025","05:00",.136
"20/06/2025","05:15",.134
"20/06/2025","05:30",.186
"20/06/2025","05:45",.127
"20/06/2025","06:00",.177
"20/06/2025","06:15",.097
"20/06/2025","06:30",.151
"20/06/2025","06:45",.098
"20/06/2025","07:00",.165
"20/06/2025","07:15",.117
"20/06/2025","07:30",.159
"20/06/2025","07:45",.105
"20/06/2025","08:00",.123
"20/06/2025","08:15",.115
"20/06/2025","08:30",.094
"20/06/2025","08:45",.178
"20/06/2025","09:00",.085
"20/06/2025","09:15",.076
"20/06/2025","09:30",.164
"20/06/2025","09:45",.083
"20/06/2025","10:00",.188
"20/06/2025","10:15",.366
"20/06/2025","10:30",.435
"20/06/2025","10:45",.153
"20/06/2025","11:00",.149
"20/06/2025","11:15",.156
"20/06/2025","11:30",.427
"20/06/2025","11:45",.601
"20/06/2025","12:00",.234
"20/06/2025","12:15",.161
"20/06/2025","12:30",.207
"20/06/2025","12:45",.303
"20/06/2025","13:00",.137
"20/06/2025","13:15",.148
"20/06/2025","13:30",.163
"20/06/2025","13:45",.237
"20/06/2025","14:00",.256
"20/06/2025","14:15",.249
"20/06/2025","14:30",.288
"20/06/2025","14:45",.493
"20/06/2025","15:00",.358
"20/06/2025","15:15",.304
"20/06/2025","15:30",.339
"20/06/2025","15:45",.222
"20/06/2025","16:00",.294
"20/06/2025","16:15",.336
"20/06/2025","16:30",.28
"20/06/2025","16:45",.308
"20/06/2025","17:00",.467
"20/06/2025","17:15",.359
"20/06/2025","17:30",.565
"20/06/2025","17:45",.697
"20/06/2025","18:00",.616
"20/06/2025","18:15",.425
"20/06/2025","18:30",.36
"20/06/2025","18:45",.337
"20/06/2025","19:00",.316
"20/06/2025","19:15",.334
"20/06/2025","19:30",.366
"20/06/2025","19:45",.335
"20/06/2025","20:00",.566
"20/06/2025","20:15",.653
"20/06/2025","20:30",.513
"20/06/2025","20:45",.349
"20/06/2025","21:00",.987
"20/06/2025","21:15",.507
"20/06/2025","21:30",.545
"20/06/2025","21:45",.789
"20/06/2025","22:00",.376
"20/06/2025","22:15",.409
"20/06/2025","22:30",.342
"20/06/2025","22:45",.406
"20/06/2025","23:00",.328
"20/06/2025","23:15",.275
"20/06/2025","23:30",.222
"20/06/2025","23:45",.211
"21/06/2025","00:00",.199
"21/06/2025","00:15",.193
"21/06/2025","00:30",.202
"21/06/2025","00:45",1.188
"21/06/2025","01:00",.337
"21/06/2025","01:15",.431
"21/06/2025","01:30",1.173
"21/06/2025","01:45",.68
"21/06/2025","02:00",.305
"21/06/2025","02:15",.219
"21/06/2025","02:30",.223
"21/06/2025","02:45",.209
"21/06/2025","03:00",.161
"21/06/2025","03:15",.132
"21/06/2025","03:30",.12
"21/06/2025","03:45",.213
"21/06/2025","04:00",.149
"21/06/2025","04:15",.125
"21/06/2025","04:30",.133
"21/06/2025","04:45",.188
"21/06/2025","05:00",.123
"21/06/2025","05:15",.158
"21/06/2025","05:30",.17
"21/06/2025","05:45",.162
"21/06/2025","06:00",.12
"21/06/2025","06:15",.129
"21/06/2025","06:30",.25
"21/06/2025","06:45",.296
"21/06/2025","07:00",.643
"21/06/2025","07:15",.513
"21/06/2025","07:30",.164
"21/06/2025","07:45",.244
"21/06/2025","08:00",.189
"21/06/2025","08:15",.167
"21/06/2025","08:30",.155
"21/06/2025","08:45",.174
"21/06/2025","09:00",.139
"21/06/2025","09:15",.219
"21/06/2025","09:30",.144
"21/06/2025","09:45",.138
"21/06/2025","10:00",.159
"21/06/2025","10:15",.13
"21/06/2025","10:30",.142
"21/06/2025","10:45",.204
"21/06/2025","11:00",.145
"21/06/2025","11:15",.163
"21/06/2025","11:30",.242
"21/06/2025","11:45",.287
"21/06/2025","12:00",.166
"21/06/2025","12:15",.242
"21/06/2025","12:30",.341
"21/06/2025","12:45",.252
"21/06/2025","13:00",.275
"21/06/2025","13:15",.228
"21/06/2025","13:30",.156
"21/06/2025","13:45",.117
"21/06/2025","14:00",.102
"21/06/2025","14:15",.122
"21/06/2025","14:30",.123
"21/06/2025","14:45",.14
"21/06/2025","15:00",.12
"21/06/2025","15:15",.117
"21/06/2025","15:30",.095
"21/06/2025","15:45",.113
"21/06/2025","16:00",.118
"21/06/2025","16:15",.083
"21/06/2025","16:30",.133
"21/06/2025","16:45",.251
"21/06/2025","17:00",.171
"21/06/2025","17:15",.209
"21/06/2025","17:30",.163
"21/06/2025","17:45",.229
"21/06/2025","18:00",.228
"21/06/2025","18:15",.211
"21/06/2025","18:30",.234
"21/06/2025","18:45",.244
"21/06/2025","19:00",.678
"21/06/2025","19:15",.354
"21/06/2025","19:30",.233
"21/06/2025","19:45",.201
"21/06/2025","20:00",.192
"21/06/2025","20:15",.24
"21/06/2025","20:30",.488
"21/06/2025","20:45",.326
"21/06/2025","21:00",.337
"21/06/2025","21:15",.277
"21/06/2025","21:30",.28
"21/06/2025","21:45",.291
"21/06/2025","22:00",.349
"21/06/2025","22:15",.733
"21/06/2025","22:30",.333
"21/06/2025","22:45",.282
"21/06/2025","23:00",.321
"21/06/2025","23:15",.373
"21/06/2025","23:30",.394
"21/06/2025","23:45",.295
"22/06/2025","00:00",.371
"22/06/2025","00:15",.75
"22/06/2025","00:30",.258
"22/06/2025","00:45",.201
"22/06/2025","01:00",.17
"22/06/2025","01:15",.242
"22/06/2025","01:30",.149
"22/06/2025","01:45",.297
"22/06/2025","02:00",.617
"22/06/2025","02:15",1.326
"22/06/2025","02:30",.126
"22/06/2025","02:45",.117
"22/06/2025","03:00",.182
"22/06/2025","03:15",.1
"22/06/2025","03:30",.132
"22/06/2025","03:45",.183
"22/06/2025","04:00",.089
"22/06/2025","04:15",.077
"22/06/2025","04:30",.074
"22/06/2025","04:45",.165
"22/06/2025","05:00",.397
"22/06/2025","05:15",.369
"22/06/2025","05:30",.171
"22/06/2025","05:45",.192
"22/06/2025","06:00",.185
"22/06/2025","06:15",.071
"22/06/2025","06:30",.087
"22/06/2025","06:45",.075
"22/06/2025","07:00",.094
"22/06/2025","07:15",.089
"22/06/2025","07:30",.158
"22/06/2025","07:45",.151
"22/06/2025","08:00",.197
"22/06/2025","08:15",.236
"22/06/2025","08:30",.196
"22/06/2025","08:45",.212
"22/06/2025","09:00",.231
"22/06/2025","09:15",.286
"22/06/2025","09:30",.252
"22/06/2025","09:45",.209
"22/06/2025","10:00",.212
"22/06/2025","10:15",.186
"22/06/2025","10:30",.196
"22/06/2025","10:45",.328
"22/06/2025","11:00",.449
"22/06/2025","11:15",.207
"22/06/2025","11:30",.296
"22/06/2025","11:45",.437
"22/06/2025","12:00",.29
"22/06/2025","12:15",.431
"22/06/2025","12:30",.571
"22/06/2025","12:45",.465
"22/06/2025","13:00",.627
"22/06/2025","13:15",.567
"22/06/2025","13:30",.548
"22/06/2025","13:45",.53
"22/06/2025","14:00",.253
"22/06/2025","14:15",.279
"22/06/2025","14:30",.263
"22/06/2025","14:45",.252
"22/06/2025","15:00",.389
"22/06/2025","15:15",.311
"22/06/2025","15:30",.333
"22/06/2025","15:45",.284
"22/06/2025","16:00",.254
"22/06/2025","16:15",.26
"22/06/2025","16:30",.274
"22/06/2025","16:45",.29
"22/06/2025","17:00",.272
"22/06/2025","17:15",.227
"22/06/2025","17:30",.248
"22/06/2025","17:45",.265
"22/06/2025","18:00",.241
"22/06/2025","18:15",.212
"22/06/2025","18:30",.174
"22/06/2025","18:45",.199
"22/06/2025","19:00",.145
"22/06/2025","19:15",.383
"22/06/2025","19:30",.319
"22/06/2025","19:45",.506
"22/06/2025","20:00",.446
"22/06/2025","20:15",.236
"22/06/2025","20:30",.259
"22/06/2025","20:45",.245
"22/06/2025","21:00",.247
"22/06/2025","21:15",.285
"22/06/2025","21:30",.25
"22/06/2025","21:45",.427
"22/06/2025","22:00",.343
"22/06/2025","22:15",.281
"22/06/2025","22:30",.193
"22/06/2025","22:45",.315
"22/06/2025","23:00",.347
"22/06/2025","23:15",.287
"22/06/2025","23:30",.294
"22/06/2025","23:45",.76
"23/06/2025","00:00",.202
"23/06/2025","00:15",.2
"23/06/2025","00:30",.289
"23/06/2025","00:45",.338
"23/06/2025","01:00",1.497
"23/06/2025","01:15",.143
"23/06/2025","01:30",.154
"23/06/2025","01:45",.146
"23/06/2025","02:00",.096
"23/06/2025","02:15",.143
"23/06/2025","02:30",.091
"23/06/2025","02:45",.179
"23/06/2025","03:00",.069
"23/06/2025","03:15",.166
"23/06/2025","03:30",.079
"23/06/2025","03:45",.13
"23/06/2025","04:00",.134
"23/06/2025","04:15",.066
"23/06/2025","04:30",.146
"23/06/2025","04:45",.084
"23/06/2025","05:00",.114
"23/06/2025","05:15",.088
"23/06/2025","05:30",.183
"23/06/2025","05:45",.092
"23/06/2025","06:00",.076
"23/06/2025","06:15",.189
"23/06/2025","06:30",.089
"23/06/2025","06:45",.079
"23/06/2025","07:00",.087
"23/06/2025","07:15",.15
"23/06/2025","07:30",.097
"23/06/2025","07:45",.079
"23/06/2025","08:00",.123
"23/06/2025","08:15",.097
"23/06/2025","08:30",.086
"23/06/2025","08:45",.169
"23/06/2025","09:00",.072
"23/06/2025","09:15",.08
"23/06/2025","09:30",.111
"23/06/2025","09:45",.152
"23/06/2025","10:00",.191
"23/06/2025","10:15",.311
"23/06/2025","10:30",.211
"23/06/2025","10:45",.255
"23/06/2025","11:00",.469
"23/06/2025","11:15",.35
"23/06/2025","11:30",.267
"23/06/2025","11:45",.272
"23/06/2025","12:00",.266
"23/06/2025","12:15",.223
"23/06/2025","12:30",.205
"23/06/2025","12:45",.278
"23/06/2025","13:00",.169
"23/06/2025","13:15",.196
"23/06/2025","13:30",.207
"23/06/2025","13:45",.309
"23/06/2025","14:00",.284
"23/06/2025","14:15",.208
"23/06/2025","14:30",.294
"23/06/2025","14:45",.569
"23/06/2025","15:00",.504
"23/06/2025","15:15",.212
"23/06/2025","15:30",.281
"23/06/2025","15:45",.211
"23/06/2025","16:00",.509
"23/06/2025","16:15",.39
"23/06/2025","16:30",.437
"23/06/2025","16:45",.267
"23/06/2025","17:00",.261
"23/06/2025","17:15",.268
"23/06/2025","17:30",.258
"23/06/2025","17:45",.332
"23/06/2025","18:00",.273
"23/06/2025","18:15",.248
"23/06/2025","18:30",.236
"23/06/2025","18:45",.255
"23/06/2025","19:00",.284
"23/06/2025","19:15",.316
"23/06/2025","19:30",.236
"23/06/2025","19:45",.309
"23/06/2025","20:00",.279
"23/06/2025","20:15",.442
"23/06/2025","20:30",.519
"23/06/2025","20:45",.325
"23/06/2025","21:00",.546
"23/06/2025","21:15",.475
"23/06/2025","21:30",.398
"23/06/2025","21:45",.616
"23/06/2025","22:00",.919
"23/06/2025","22:15",.713
"23/06/2025","22:30",.708
"23/06/2025","22:45",.395
"23/06/2025","23:00",.353
"23/06/2025","23:15",1.106
"23/06/2025","23:30",.273
"23/06/2025","23:45",.302
"24/06/2025","00:00",.481
"24/06/2025","00:15",.443
"24/06/2025","00:30",.47
"24/06/2025","00:45",.41
"24/06/2025","01:00",.471
"24/06/2025","01:15",1.374
"24/06/2025","01:30",.267
"24/06/2025","01:45",.201
"24/06/2025","02:00",.167
"24/06/2025","02:15",.15
"24/06/2025","02:30",.111
"24/06/2025","02:45",.145
"24/06/2025","03:00",.15
"24/06/2025","03:15",.08
"24/06/2025","03:30",.151
"24/06/2025","03:45",.152
"24/06/2025","04:00",.106
"24/06/2025","04:15",.172
"24/06/2025","04:30",.367
"24/06/2025","04:45",.511
"24/06/2025","05:00",.378
"24/06/2025","05:15",.35
"24/06/2025","05:30",.198
"24/06/2025","05:45",.264
"24/06/2025","06:00",.123
"24/06/2025","06:15",.118
"24/06/2025","06:30",.112
"24/06/2025","06:45",.127
"24/06/2025","07:00",.15
"24/06/2025","07:15",.153
"24/06/2025","07:30",.196
"24/06/2025","07:45",.205
"24/06/2025","08:00",.163
"24/06/2025","08:15",.102
"24/06/2025","08:30",.133
"24/06/2025","08:45",.172
"24/06/2025","09:00",.141
"24/06/2025","09:15",.126
"24/06/2025","09:30",.133
"24/06/2025","09:45",.123
"24/06/2025","10:00",.125
"24/06/2025","10:15",.188
"24/06/2025","10:30",.179
"24/06/2025","10:45",.351
"24/06/2025","11:00",.241
"24/06/2025","11:15",.234
"24/06/2025","11:30",.214
"24/06/2025","11:45",.201
"24/06/2025","12:00",.27
"24/06/2025","12:15",.575
"24/06/2025","12:30",.629
"24/06/2025","12:45",.303
"24/06/2025","13:00",.243
"24/06/2025","13:15",.263
"24/06/2025","13:30",.213
"24/06/2025","13:45",.229
"24/06/2025","14:00",.241
"24/06/2025","14:15",.303
"24/06/2025","14:30",.54
"24/06/2025","14:45",.481
"24/06/2025","15:00",.798
"24/06/2025","15:15",.753
"24/06/2025","15:30",.708
"24/06/2025","15:45",.844
"24/06/2025","16:00",.414
"24/06/2025","16:15",.294
"24/06/2025","16:30",.213
"24/06/2025","16:45",.336
"24/06/2025","17:00",.312
"24/06/2025","17:15",.322
"24/06/2025","17:30",.307
"24/06/2025","17:45",.248
"24/06/2025","18:00",.19
"24/06/2025","18:15",.126
"24/06/2025","18:30",.132
"24/06/2025","18:45",.158
"24/06/2025","19:00",.217
"24/06/2025","19:15",.231
"24/06/2025","19:30",.212
"24/06/2025","19:45",.209
"24/06/2025","20:00",.257
"24/06/2025","20:15",.292
"24/06/2025","20:30",.302
"24/06/2025","20:45",.287
"24/06/2025","21:00",.305
"24/06/2025","21:15",.331
"24/06/2025","21:30",.338
"24/06/2025","21:45",.358
"24/06/2025","22:00",.342
"24/06/2025","22:15",.466
"24/06/2025","22:30",.585
"24/06/2025","22:45",.3
"24/06/2025","23:00",.225
"24/06/2025","23:15",.283
"24/06/2025","23:30",.445
"24/06/2025","23:45",.347
"25/06/2025","00:00",1.003
"25/06/2025","00:15",.388
"25/06/2025","00:30",.184
"25/06/2025","00:45",.327
"25/06/2025","01:00",.249
"25/06/2025","01:15",.227
"25/06/2025","01:30",.257
"25/06/2025","01:45",.386
"25/06/2025","02:00",.751
"25/06/2025","02:15",.667
"25/06/2025","02:30",.263
"25/06/2025","02:45",.199
"25/06/2025","03:00",.194
"25/06/2025","03:15",.2
"25/06/2025","03:30",.157
"25/06/2025","03:45",.164
"25/06/2025","04:00",.202
"25/06/2025","04:15",.19
"25/06/2025","04:30",.146
"25/06/2025","04:45",.125
"25/06/2025","05:00",.178
"25/06/2025","05:15",.175
"25/06/2025","05:30",.16
"25/06/2025","05:45",.177
"25/06/2025","06:00",.166
"25/06/2025","06:15",.107
"25/06/2025","06:30",.175
"25/06/2025","06:45",.15
"25/06/2025","07:00",.11
"25/06/2025","07:15",.231
"25/06/2025","07:30",.106
"25/06/2025","07:45",.179
"25/06/2025","08:00",.131
"25/06/2025","08:15",.142
"25/06/2025","08:30",.294
"25/06/2025","08:45",.93
"25/06/2025","09:00",.553
"25/06/2025","09:15",.107
"25/06/2025","09:30",.101
"25/06/2025","09:45",.129
"25/06/2025","10:00",.112
"25/06/2025","10:15",.116
"25/06/2025","10:30",.118
"25/06/2025","10:45",.266
"25/06/2025","11:00",.442
"25/06/2025","11:15",.492
"25/06/2025","11:30",.245
"25/06/2025","11:45",.169
"25/06/2025","12:00",.245
"25/06/2025","12:15",.21
"25/06/2025","12:30",.208
"25/06/2025","12:45",.231
"25/06/2025","13:00",.217
"25/06/2025","13:15",.206
"25/06/2025","13:30",.145
"25/06/2025","13:45",.134
"25/06/2025","14:00",.414
"25/06/2025","14:15",.493
"25/06/2025","14:30",.718
"25/06/2025","14:45",.957
"25/06/2025","15:00",.588
"25/06/2025","15:15",.482
"25/06/2025","15:30",.726
"25/06/2025","15:45",.304
"25/06/2025","16:00",.233
"25/06/2025","16:15",.21
"25/06/2025","16:30",.23
"25/06/2025","16:45",.26
"25/06/2025","17:00",.267
"25/06/2025","17:15",.347
"25/06/2025","17:30",.457
"25/06/2025","17:45",.832
"25/06/2025","18:00",.616
"25/06/2025","18:15",.311
"25/06/2025","18:30",.284
"25/06/2025","18:45",.328
"25/06/2025","19:00",.222
"25/06/2025","19:15",.188
"25/06/2025","19:30",.167
"25/06/2025","19:45",.167
"25/06/2025","20:00",.259
"25/06/2025","20:15",.182
"25/06/2025","20:30",.223
"25/06/2025","20:45",.257
"25/06/2025","21:00",.464
"25/06/2025","21:15",.317
"25/06/2025","21:30",.302
"25/06/2025","21:45",.24
"25/06/2025","22:00",.242
"25/06/2025","22:15",.262
"25/06/2025","22:30",.202
"25/06/2025","22:45",.615
"25/06/2025","23:00",.414
"25/06/2025","23:15",.614
"25/06/2025","23:30",.739
"25/06/2025","23:45",.39
